"SP","sci.x","pest","genus.1","severity","clean_pest","genus2","FIA..Code","code.x","Common.Name","Genus.x","Species.x","genus","FIA  Code","code.y","Common Name","Genus.y","Species.y","sci.y"
"ALLEGHENY CHINKAPIN","CASTANEA PUMILA","Asiatic oak weevil (Cyrtepistomus castaneus)*","I/F",1,"Cyrtepistomus castaneus","Castanea",422,"CAPU9","ALLEGHENY CHINKAPIN","Castanea","pumila","castanea","0422","CAPU9","Allegheny chinkapin","Castanea","pumila","CASTANEA PUMILA"
"ALLIGATOR JUNIPER","JUNIPERUS DEPPEANA","Juniper scale (Carulaspis juniperi)*","I/S",1,"Carulaspis juniperi","Juniperus",63,"JUDE2","ALLIGATOR JUNIPER","Juniperus","deppeana","juniperus","0063","JUDE2","alligator juniper","Juniperus","deppeana","JUNIPERUS DEPPEANA"
"AMERICAN BASSWOOD","TILIA AMERICANA","Gypsy moth (Lymantria dispar dispar)*","I/F",3,"Lymantria dispar","Tilia",951,"TIAM","AMERICAN BASSWOOD","Tilia","americana","tilia","0951","TIAM","American basswood","Tilia","americana","TILIA AMERICANA"
"AMERICAN BASSWOOD","TILIA AMERICANA","Japanese beetle (Popillia japonica)*","I/F",1,"Popillia japonica","Tilia",951,"TIAM","AMERICAN BASSWOOD","Tilia","americana","tilia","0951","TIAM","American basswood","Tilia","americana","TILIA AMERICANA"
"AMERICAN CHESTNUT","CASTANEA DENTATA","Asiatic oak weevil (Cyrtepistomus castaneus)*","I/F",1,"Cyrtepistomus castaneus","Castanea",421,"CADE12","AMERICAN CHESTNUT","Castanea","dentata","castanea","0421","CADE12","American chestnut","Castanea","dentata","CASTANEA DENTATA"
"AMERICAN ELM","ULMUS AMERICANA","Asian longhorned beetle (Anoplophora glabripennis)*","I/B",3,"Anoplophora glabripennis","Ulmus",972,"ULAM","AMERICAN ELM","Ulmus","americana","ulmus","0972","ULAM","American elm","Ulmus","americana","ULMUS AMERICANA"
"AMERICAN ELM","ULMUS AMERICANA","Banded elm bark beetle (Scolytus schevyrewi)*","I/B",3,"Scolytus schevyrewi","Ulmus",972,"ULAM","AMERICAN ELM","Ulmus","americana","ulmus","0972","ULAM","American elm","Ulmus","americana","ULMUS AMERICANA"
"AMERICAN MOUNTAIN ASH","SORBUS AMERICANA","Gypsy moth (Lymantria dispar dispar)*","I/F",3,"Lymantria dispar","Sorbus",935,"SOAM3","AMERICAN MOUNTAIN ASH","Sorbus","americana","sorbus","0935","SOAM3","American mountain ash","Sorbus","americana","SORBUS AMERICANA"
"APACHE PINE","PINUS ENGELMANNII","European pine sawfly (Neodiprion sertifer)*","I/F",0,"Neodiprion sertifer","Pinus",112,"PIEN2","APACHE PINE","","engelmannii","","0112","PIEN2","Apache pine","","engelmannii","PINUS ENGELMANNII"
"APACHE PINE","PINUS ENGELMANNII","Pine shoot beetle (Tomicus piniperda)*","I/B",0,"Tomicus piniperda","Pinus",112,"PIEN2","APACHE PINE","","engelmannii","","0112","PIEN2","Apache pine","","engelmannii","PINUS ENGELMANNII"
"ARIZONA PINE","PINUS ARIZONICA","Pine shoot beetle (Tomicus piniperda)*","I/B",0,"Tomicus piniperda","Pinus",135,"PIAR5","ARIZONA PINE","","arizonica","","0135","PIAR5","Arizona pine","","arizonica","PINUS ARIZONICA"
"ARIZONA PINE","PINUS ARIZONICA","European pine sawfly (Neodiprion sertifer)*","I/F",0,"Neodiprion sertifer","Pinus",135,"PIAR5","ARIZONA PINE","","arizonica","","0135","PIAR5","Arizona pine","","arizonica","PINUS ARIZONICA"
"ARIZONA PINYON PINE","PINUS MONOPHYLLA VAR. FALLAX","European pine sawfly (Neodiprion sertifer)*","I/F",0,"Neodiprion sertifer","Pinus",143,"PIMOF","ARIZONA PINYON PINE","","monophylla var. fallax","","0143","PIMOF","Arizona pinyon pine","","monophylla var. fallax","PINUS MONOPHYLLA VAR. FALLAX"
"ARIZONA PINYON PINE","PINUS MONOPHYLLA VAR. FALLAX","Pine shoot beetle (Tomicus piniperda)*","I/B",0,"Tomicus piniperda","Pinus",143,"PIMOF","ARIZONA PINYON PINE","","monophylla var. fallax","","0143","PIMOF","Arizona pinyon pine","","monophylla var. fallax","PINUS MONOPHYLLA VAR. FALLAX"
"ASHE JUNIPER","JUNIPERUS ASHEI","Juniper scale (Carulaspis juniperi)*","I/S",1,"Carulaspis juniperi","Juniperus",61,"JUAS","ASHE JUNIPER","Juniperus","ashei","juniperus","0061","JUAS","Ashe juniper","Juniperus","ashei","JUNIPERUS ASHEI"
"ATLANTIC WHITE-CEDAR","CHAMAECYPARIS THYOIDES","Juniper scale (Carulaspis juniperi)*","I/S",1,"Carulaspis juniperi","Chamaecyparis",43,"CHTH2","ATLANTIC WHITE-CEDAR","Chamaecyparis","thyoides","chamaecyparis","0043","CHTH2","Atlantic white-cedar","Chamaecyparis","thyoides","CHAMAECYPARIS THYOIDES"
"BALSAM FIR","ABIES BALSAMEA","Balsam woolly adelgid (Adelges piceae)*","I/S",8,"Adelges piceae","Abies",12,"ABBA","BALSAM FIR","Abies","balsamea","abies","0012","ABBA","balsam fir","Abies","balsamea","ABIES BALSAMEA"
"BALSAM POPLAR","POPULUS BALSAMIFERA","Gypsy moth (Lymantria dispar dispar)*","I/F",3,"Lymantria dispar","Populus",741,"POBA2","BALSAM POPLAR","Populus","balsamifera","populus","0741","POBA2","balsam poplar","Populus","balsamifera","POPULUS BALSAMIFERA"
"BALSAM POPLAR","POPULUS BALSAMIFERA","Oystershell scale (Lepidosaphes ulmi)*","I/S",1,"Lepidosaphes ulmi","Populus",741,"POBA2","BALSAM POPLAR","Populus","balsamifera","populus","0741","POBA2","balsam poplar","Populus","balsamifera","POPULUS BALSAMIFERA"
"BALSAM WILLOW","SALIX PYRIFOLIA","Asian longhorned beetle (Anoplophora glabripennis)*","I/B",1,"Anoplophora glabripennis","Salix",926,"SAPY","BALSAM WILLOW","Salix","pyrifolia","salix","0926","SAPY","balsam willow","Salix","pyrifolia","SALIX PYRIFOLIA"
"BALSAM WILLOW","SALIX PYRIFOLIA","Gypsy Moth (Lymantria dispar dispar)","I/F",3,"Lymantria dispar","Salix",926,"SAPY","BALSAM WILLOW","Salix","pyrifolia","salix","0926","SAPY","balsam willow","Salix","pyrifolia","SALIX PYRIFOLIA"
"BERLANDIER ASH, MEXICAN ASH","FRAXINUS BERLANDIERIANA","Oystershell scale (Lepidosaphes ulmi)*","I/S",3,"Lepidosaphes ulmi","Fraxinus",5491,"FRBE","BERLANDIER ASH, MEXICAN ASH","","berlandieriana","","5491","FRBE","Berlandier ash, Mexican ash","","berlandieriana","FRAXINUS BERLANDIERIANA"
"BERLANDIER ASH, MEXICAN ASH","FRAXINUS BERLANDIERIANA","Emerald ash borer (Agrilus planipennis)*","I/B",9,"Agrilus planipennis","Fraxinus",5491,"FRBE","BERLANDIER ASH, MEXICAN ASH","","berlandieriana","","5491","FRBE","Berlandier ash, Mexican ash","","berlandieriana","FRAXINUS BERLANDIERIANA"
"BIGLEAF MAPLE","ACER MACROPHYLLUM","Oystershell scale (Lepidosaphes ulmi)*","I/S",0,"Lepidosaphes ulmi","Acer",312,"ACMA3","BIGLEAF MAPLE","Acer","macrophyllum","acer","0312","ACMA3","bigleaf maple","Acer","macrophyllum","ACER MACROPHYLLUM"
"BIGLEAF MAPLE","ACER MACROPHYLLUM","Asian longhorned beetle (Anoplophora glabripennis)*","I/B",8,"Anoplophora glabripennis","Acer",312,"ACMA3","BIGLEAF MAPLE","Acer","macrophyllum","acer","0312","ACMA3","bigleaf maple","Acer","macrophyllum","ACER MACROPHYLLUM"
"BIGLEAF MAPLE","ACER MACROPHYLLUM","Japanese beetle (Popillia japonica)*","I/F",0,"Popillia japonica","Acer",312,"ACMA3","BIGLEAF MAPLE","Acer","macrophyllum","acer","0312","ACMA3","bigleaf maple","Acer","macrophyllum","ACER MACROPHYLLUM"
"BIGTOOTH ASPEN","POPULUS GRANDIDENTATA","Gypsy moth (Lymantria dispar dispar)*","I/F",3,"Lymantria dispar","Populus",743,"POGR4","BIGTOOTH ASPEN","Populus","grandidentata","populus","0743","POGR4","bigtooth aspen","Populus","grandidentata","POPULUS GRANDIDENTATA"
"BIGTOOTH MAPLE","ACER GRANDIDENTATUM","Japanese beetle (Popillia japonica)*","I/F",1,"Popillia japonica","Acer",322,"ACGR3","BIGTOOTH MAPLE","Acer","grandidentatum","acer","0322","ACGR3","bigtooth maple","Acer","grandidentatum","ACER GRANDIDENTATUM"
"BIGTOOTH MAPLE","ACER GRANDIDENTATUM","Oystershell scale (Lepidosaphes ulmi)*","I/S",1,"Lepidosaphes ulmi","Acer",322,"ACGR3","BIGTOOTH MAPLE","Acer","grandidentatum","acer","0322","ACGR3","bigtooth maple","Acer","grandidentatum","ACER GRANDIDENTATUM"
"BIGTOOTH MAPLE","ACER GRANDIDENTATUM","Asian longhorned beetle (Anoplophora glabripennis)*","I/B",8,"Anoplophora glabripennis","Acer",322,"ACGR3","BIGTOOTH MAPLE","Acer","grandidentatum","acer","0322","ACGR3","bigtooth maple","Acer","grandidentatum","ACER GRANDIDENTATUM"
"BISHOP PINE","PINUS MURICATA","Pine shoot beetle (Tomicus piniperda)*","I/B",0,"Tomicus piniperda","Pinus",120,"PIMU","BISHOP PINE","","muricata","","0120","PIMU","bishop pine","","muricata","PINUS MURICATA"
"BISHOP PINE","PINUS MURICATA","European pine sawfly (Neodiprion sertifer)*","I/F",0,"Neodiprion sertifer","Pinus",120,"PIMU","BISHOP PINE","","muricata","","0120","PIMU","bishop pine","","muricata","PINUS MURICATA"
"BLACK ASH","FRAXINUS NIGRA","Oystershell scale (Lepidosaphes ulmi)*","I/S",3,"Lepidosaphes ulmi","Fraxinus",543,"FRNI","BLACK ASH","","nigra","","0543","FRNI","black ash","","nigra","FRAXINUS NIGRA"
"BLACK ASH","FRAXINUS NIGRA","Emerald ash borer (Agrilus planipennis)*","I/B",10,"Agrilus planipennis","Fraxinus",543,"FRNI","BLACK ASH","","nigra","","0543","FRNI","black ash","","nigra","FRAXINUS NIGRA"
"BLACK COTTONWOOD","POPULUS BALSAMIFERA S. TRICHOCARPA","Oystershell scale (Lepidosaphes ulmi)*","I/S",1,"Lepidosaphes ulmi","Populus",747,"POBAT","BLACK COTTONWOOD","Populus","balsamifera ssp. trichocarpa","populus","0747","POBAT","black cottonwood","Populus","balsamifera ssp. trichocarpa","POPULUS BALSAMIFERA S. TRICHOCARPA"
"BLACK COTTONWOOD","POPULUS BALSAMIFERA S. TRICHOCARPA","Poplar-and-willow borer (Cryptorhynchus lapathi)*","I/B",1,"Cryptorhynchus lapathi","Populus",747,"POBAT","BLACK COTTONWOOD","Populus","balsamifera ssp. trichocarpa","populus","0747","POBAT","black cottonwood","Populus","balsamifera ssp. trichocarpa","POPULUS BALSAMIFERA S. TRICHOCARPA"
"BLACK MAPLE","ACER NIGRUM","Oystershell scale (Lepidosaphes ulmi)*","I/S",0,"Lepidosaphes ulmi","Acer",314,"ACNI5","BLACK MAPLE","Acer","nigrum","acer","0314","ACNI5","black maple","Acer","nigrum","ACER NIGRUM"
"BLACK MAPLE","ACER NIGRUM","Asian longhorned beetle (Anoplophora glabripennis)*","I/B",8,"Anoplophora glabripennis","Acer",314,"ACNI5","BLACK MAPLE","Acer","nigrum","acer","0314","ACNI5","black maple","Acer","nigrum","ACER NIGRUM"
"BLACK MAPLE","ACER NIGRUM","Japanese beetle (Popillia japonica)*","I/F",1,"Popillia japonica","Acer",314,"ACNI5","BLACK MAPLE","Acer","nigrum","acer","0314","ACNI5","black maple","Acer","nigrum","ACER NIGRUM"
"BLACK OAK","QUERCUS VELUTINA","Gypsy moth (Lymantria dispar dispar)*","I/F",3,"Lymantria dispar","Quercus",837,"QUVE","BLACK OAK","Quercus","velutina","quercus","0837","QUVE","black oak","Quercus","velutina","QUERCUS VELUTINA"
"BLACK OAK","QUERCUS VELUTINA","Oak pit scale (Asterolecanium spp.)*","I/S",0,"Asterolecanium variolosum","Quercus",837,"QUVE","BLACK OAK","Quercus","velutina","quercus","0837","QUVE","black oak","Quercus","velutina","QUERCUS VELUTINA"
"BLACK WILLOW","SALIX NIGRA","Asian longhorned beetle (Anoplophora glabripennis)*","I/B",1,"Anoplophora glabripennis","Salix",922,"SANI","BLACK WILLOW","Salix","nigra","salix","0922","SANI","black willow","Salix","nigra","SALIX NIGRA"
"BLACK WILLOW","SALIX NIGRA","Gypsy Moth (Lymantria dispar dispar)","I/F",3,"Lymantria dispar","Salix",922,"SANI","BLACK WILLOW","Salix","nigra","salix","0922","SANI","black willow","Salix","nigra","SALIX NIGRA"
"BLACKJACK OAK","QUERCUS MARILANDICA","Oak pit scale (Asterolecanium spp.)*","I/S",0,"Asterolecanium variolosum","Quercus",824,"QUMA3","BLACKJACK OAK","Quercus","marilandica","quercus","0824","QUMA3","blackjack oak","Quercus","marilandica","QUERCUS MARILANDICA"
"BLACKJACK OAK","QUERCUS MARILANDICA","Gypsy moth (Lymantria dispar dispar)*","I/F",3,"Lymantria dispar","Quercus",824,"QUMA3","BLACKJACK OAK","Quercus","marilandica","quercus","0824","QUMA3","blackjack oak","Quercus","marilandica","QUERCUS MARILANDICA"
"BLUE ASH","FRAXINUS QUADRANGULATA","Oystershell scale (Lepidosaphes ulmi)*","I/S",3,"Lepidosaphes ulmi","Fraxinus",546,"FRQU","BLUE ASH","","quadrangulata","","0546","FRQU","blue ash","","quadrangulata","FRAXINUS QUADRANGULATA"
"BLUE ASH","FRAXINUS QUADRANGULATA","Emerald ash borer (Agrilus planipennis)*","I/B",8,"Agrilus planipennis","Fraxinus",546,"FRQU","BLUE ASH","","quadrangulata","","0546","FRQU","blue ash","","quadrangulata","FRAXINUS QUADRANGULATA"
"BLUE OAK","QUERCUS DOUGLASII","Oak pit scale (Asterolecanium spp.)*","I/S",3,"Asterolecanium variolosum","Quercus",807,"QUDO","BLUE OAK","Quercus","douglasii","quercus","0807","QUDO","blue oak","Quercus","douglasii","QUERCUS DOUGLASII"
"BLUEJACK OAK","QUERCUS INCANA","Gypsy moth (Lymantria dispar dispar)*","I/F",3,"Lymantria dispar","Quercus",842,"QUIN","BLUEJACK OAK","","incana","","0842","QUIN","bluejack oak","","incana","QUERCUS INCANA"
"BLUEJACK OAK","QUERCUS INCANA","Oak pit scale (Asterolecanium spp.)*","I/S",0,"Asterolecanium variolosum","Quercus",842,"QUIN","BLUEJACK OAK","","incana","","0842","QUIN","bluejack oak","","incana","QUERCUS INCANA"
"BORDER PINYON","PINUS DISCOLOR","Pine shoot beetle (Tomicus piniperda)*","I/B",0,"Tomicus piniperda","Pinus",134,"PIDI3","BORDER PINYON","","discolor","","0134","PIDI3","border pinyon","","discolor","PINUS DISCOLOR"
"BORDER PINYON","PINUS DISCOLOR","European pine sawfly (Neodiprion sertifer)*","I/F",0,"Neodiprion sertifer","Pinus",134,"PIDI3","BORDER PINYON","","discolor","","0134","PIDI3","border pinyon","","discolor","PINUS DISCOLOR"
"BOXELDER","ACER NEGUNDO","Japanese beetle (Popillia japonica)*","I/F",0,"Popillia japonica","Acer",313,"ACNE2","BOXELDER","Acer","negundo","acer","0313","ACNE2","boxelder","Acer","negundo","ACER NEGUNDO"
"BOXELDER","ACER NEGUNDO","Oystershell scale (Lepidosaphes ulmi)*","I/S",0,"Lepidosaphes ulmi","Acer",313,"ACNE2","BOXELDER","Acer","negundo","acer","0313","ACNE2","boxelder","Acer","negundo","ACER NEGUNDO"
"BOXELDER","ACER NEGUNDO","Asian longhorned beetle (Anoplophora glabripennis)*","I/B",8,"Anoplophora glabripennis","Acer",313,"ACNE2","BOXELDER","Acer","negundo","acer","0313","ACNE2","boxelder","Acer","negundo","ACER NEGUNDO"
"BRAINERD HAWTHORN","CRATAEGUS BRAINERDII","Winter moth (Operophtera brumata)*","I/F",1,"Operophtera brumata","Crataegus",503,"CRBR3","BRAINERD HAWTHORN","","brainerdii","","0503","CRBR3","Brainerd hawthorn","","brainerdii","CRATAEGUS BRAINERDII"
"BRAINERD HAWTHORN","CRATAEGUS BRAINERDII","Cherry bark tortrix (Enarmonia formosana)*","I/B",3,"Enarmonia formosana","Crataegus",503,"CRBR3","BRAINERD HAWTHORN","","brainerdii","","0503","CRBR3","Brainerd hawthorn","","brainerdii","CRATAEGUS BRAINERDII"
"BROADLEAF HAWTHORN","CRATAEGUS DILATATA","Winter moth (Operophtera brumata)*","I/F",1,"Operophtera brumata","Crataegus",506,"CRDI","BROADLEAF HAWTHORN","","dilatata","","0506","CRDI","broadleaf hawthorn","","dilatata","CRATAEGUS DILATATA"
"BROADLEAF HAWTHORN","CRATAEGUS DILATATA","Cherry bark tortrix (Enarmonia formosana)*","I/B",3,"Enarmonia formosana","Crataegus",506,"CRDI","BROADLEAF HAWTHORN","","dilatata","","0506","CRDI","broadleaf hawthorn","","dilatata","CRATAEGUS DILATATA"
"BUR OAK","QUERCUS MACROCARPA","Oak pit scale (Asterolecanium spp.)*","I/S",0,"Asterolecanium variolosum","Quercus",823,"QUMA2","BUR OAK","Quercus","macrocarpa","quercus","0823","QUMA2","bur oak","Quercus","macrocarpa","QUERCUS MACROCARPA"
"BUR OAK","QUERCUS MACROCARPA","Gypsy moth (Lymantria dispar dispar)*","I/F",3,"Lymantria dispar","Quercus",823,"QUMA2","BUR OAK","Quercus","macrocarpa","quercus","0823","QUMA2","bur oak","Quercus","macrocarpa","QUERCUS MACROCARPA"
"CALIFORNIA BLACK OAK","QUERCUS KELLOGGII","Oak pit scale (Asterolecanium spp.)*","I/S",3,"Asterolecanium variolosum","Quercus",818,"QUKE","CALIFORNIA BLACK OAK","Quercus","kelloggii","quercus","0818","QUKE","California black oak","Quercus","kelloggii","QUERCUS KELLOGGII"
"CALIFORNIA BUCKEYE","AESCULUS CALIFORNICA","Asian longhorned beetle (Anoplophora glabripennis)*","I/B",5,"Anoplophora glabripennis","Aesculus",333,"AECA","CALIFORNIA BUCKEYE","Aesculus","californica","aesculus","0333","AECA","California buckeye","Aesculus","californica","AESCULUS CALIFORNICA"
"CALIFORNIA JUNIPER","JUNIPERUS CALIFORNICA","Juniper scale (Carulaspis juniperi)*","I/S",1,"Carulaspis juniperi","Juniperus",62,"JUCA7","CALIFORNIA JUNIPER","Juniperus","californica","juniperus","0062","JUCA7","California juniper","Juniperus","californica","JUNIPERUS CALIFORNICA"
"CALIFORNIA LIVE OAK","QUERCUS AGRIFOLIA","Oak pit scale (Asterolecanium spp.)*","I/S",3,"Asterolecanium variolosum","Quercus",801,"QUAG","CALIFORNIA LIVE OAK","Quercus","agrifolia","quercus","0801","QUAG","California live oak","Quercus","agrifolia","QUERCUS AGRIFOLIA"
"CALIFORNIA RED FIR","ABIES MAGNIFICA","Balsam woolly adelgid (Adelges piceae)*","I/S",0,"Adelges piceae","Abies",20,"ABMA","CALIFORNIA RED FIR","Abies","magnifica","abies","0020","ABMA","California red fir","Abies","magnifica","ABIES MAGNIFICA"
"CALIFORNIA WHITE OAK","QUERCUS LOBATA","Oak pit scale (Asterolecanium spp.)*","I/S",3,"Asterolecanium variolosum","Quercus",821,"QULO","CALIFORNIA WHITE OAK","Quercus","lobata","quercus","0821","QULO","California white oak","Quercus","lobata","QUERCUS LOBATA"
"CANYON LIVE OAK","QUERCUS CHRYSOLEPIS","Oak pit scale (Asterolecanium spp.)*","I/S",3,"Asterolecanium variolosum","Quercus",805,"QUCH2","CANYON LIVE OAK","Quercus","chrysolepis","quercus","0805","QUCH2","canyon live oak","Quercus","chrysolepis","QUERCUS CHRYSOLEPIS"
"CAROLINA ASH","FRAXINUS CAROLINIANA","Oystershell scale (Lepidosaphes ulmi)*","I/S",3,"Lepidosaphes ulmi","Fraxinus",548,"FRCA3","CAROLINA ASH","","caroliniana","","0548","FRCA3","Carolina ash","","caroliniana","FRAXINUS CAROLINIANA"
"CAROLINA ASH","FRAXINUS CAROLINIANA","Emerald ash borer (Agrilus planipennis)*","I/B",10,"Agrilus planipennis","Fraxinus",548,"FRCA3","CAROLINA ASH","","caroliniana","","0548","FRCA3","Carolina ash","","caroliniana","FRAXINUS CAROLINIANA"
"CAROLINA BASSWOOD","TILIA AMERICANA VAR. CAROLINIANA","Japanese beetle (Popillia japonica)*","I/F",1,"Popillia japonica","Tilia",953,"TIAMC","CAROLINA BASSWOOD","Tilia","americana var. caroliniana","tilia","0953","TIAMC","Carolina basswood","Tilia","americana var. caroliniana","TILIA AMERICANA VAR. CAROLINIANA"
"CAROLINA BASSWOOD","TILIA AMERICANA VAR. CAROLINIANA","Gypsy moth (Lymantria dispar dispar)*","I/F",3,"Lymantria dispar","Tilia",953,"TIAMC","CAROLINA BASSWOOD","Tilia","americana var. caroliniana","tilia","0953","TIAMC","Carolina basswood","Tilia","americana var. caroliniana","TILIA AMERICANA VAR. CAROLINIANA"
"CAROLINA HEMLOCK","TSUGA CAROLINIANA","Elongate hemlock scale (Fiorinia externa)*","I/S",3,"Fiorinia externa","Tsuga",262,"TSCA2","CAROLINA HEMLOCK","Tsuga","caroliniana","tsuga","0262","TSCA2","Carolina hemlock","Tsuga","caroliniana","TSUGA CAROLINIANA"
"CAROLINA HEMLOCK","TSUGA CAROLINIANA","Hemlock woolly adelgid (Adelges tsugae)*","I/S",10,"Adelges tsugae","Tsuga",262,"TSCA2","CAROLINA HEMLOCK","Tsuga","caroliniana","tsuga","0262","TSCA2","Carolina hemlock","Tsuga","caroliniana","TSUGA CAROLINIANA"
"CEDAR ELM","ULMUS CRASSIFOLIA","Asian longhorned beetle (Anoplophora glabripennis)*","I/B",3,"Anoplophora glabripennis","Ulmus",973,"ULCR","CEDAR ELM","Ulmus","crassifolia","ulmus","0973","ULCR","cedar elm","Ulmus","crassifolia","ULMUS CRASSIFOLIA"
"CEDAR ELM","ULMUS CRASSIFOLIA","Banded elm bark beetle (Scolytus schevyrewi)*","I/B",0,"Scolytus schevyrewi","Ulmus",973,"ULCR","CEDAR ELM","Ulmus","crassifolia","ulmus","0973","ULCR","cedar elm","Ulmus","crassifolia","ULMUS CRASSIFOLIA"
"CHALK MAPLE","ACER LEUCODERME","Oystershell scale (Lepidosaphes ulmi)*","I/S",1,"Lepidosaphes ulmi","Acer",323,"ACLE","CHALK MAPLE","Acer","leucoderme","acer","0323","ACLE","chalk maple","Acer","leucoderme","ACER LEUCODERME"
"CHALK MAPLE","ACER LEUCODERME","Japanese beetle (Popillia japonica)*","I/F",1,"Popillia japonica","Acer",323,"ACLE","CHALK MAPLE","Acer","leucoderme","acer","0323","ACLE","chalk maple","Acer","leucoderme","ACER LEUCODERME"
"CHALK MAPLE","ACER LEUCODERME","Asian longhorned beetle (Anoplophora glabripennis)*","I/B",8,"Anoplophora glabripennis","Acer",323,"ACLE","CHALK MAPLE","Acer","leucoderme","acer","0323","ACLE","chalk maple","Acer","leucoderme","ACER LEUCODERME"
"CHERRYBARK OAK","QUERCUS PAGODA","Gypsy moth (Lymantria dispar dispar)*","I/F",3,"Lymantria dispar","Quercus",813,"QUPA5","CHERRYBARK OAK","Quercus","pagoda","quercus","0813","QUPA5","cherrybark oak","Quercus","pagoda","QUERCUS PAGODA"
"CHERRYBARK OAK","QUERCUS PAGODA","Oak pit scale (Asterolecanium spp.)*","I/S",0,"Asterolecanium variolosum","Quercus",813,"QUPA5","CHERRYBARK OAK","Quercus","pagoda","quercus","0813","QUPA5","cherrybark oak","Quercus","pagoda","QUERCUS PAGODA"
"CHESTNUT OAK","QUERCUS PRINUS","Oak pit scale (Asterolecanium spp.)*","I/S",0,"Asterolecanium variolosum","Quercus",832,"QUPR2","CHESTNUT OAK","Quercus","prinus","quercus","0832","QUPR2","chestnut oak","Quercus","prinus","QUERCUS PRINUS"
"CHESTNUT OAK","QUERCUS PRINUS","Gypsy moth (Lymantria dispar dispar)*","I/F",3,"Lymantria dispar","Quercus",832,"QUPR2","CHESTNUT OAK","Quercus","prinus","quercus","0832","QUPR2","chestnut oak","Quercus","prinus","QUERCUS PRINUS"
"CHIHUAHUA PINE","PINUS LEIOPHYLLA","Pine shoot beetle (Tomicus piniperda)*","I/B",0,"Tomicus piniperda","Pinus",118,"PILE","CHIHUAHUA PINE","","leiophylla","","0118","PILE","Chihuahua pine","","leiophylla","PINUS LEIOPHYLLA"
"CHIHUAHUA PINE","PINUS LEIOPHYLLA","European pine sawfly (Neodiprion sertifer)*","I/F",0,"Neodiprion sertifer","Pinus",118,"PILE","CHIHUAHUA PINE","","leiophylla","","0118","PILE","Chihuahua pine","","leiophylla","PINUS LEIOPHYLLA"
"CHINKAPIN OAK","QUERCUS MUEHLENBERGII","Gypsy moth (Lymantria dispar dispar)*","I/F",3,"Lymantria dispar","Quercus",826,"QUMU","CHINKAPIN OAK","Quercus","muehlenbergii","quercus","0826","QUMU","chinkapin oak","Quercus","muehlenbergii","QUERCUS MUEHLENBERGII"
"CHINKAPIN OAK","QUERCUS MUEHLENBERGII","Oak pit scale (Asterolecanium spp.)*","I/S",0,"Asterolecanium variolosum","Quercus",826,"QUMU","CHINKAPIN OAK","Quercus","muehlenbergii","quercus","0826","QUMU","chinkapin oak","Quercus","muehlenbergii","QUERCUS MUEHLENBERGII"
"COASTAL PLAIN WILLOW","SALIX CAROLINIANA","Asian longhorned beetle (Anoplophora glabripennis)*","I/B",1,"Anoplophora glabripennis","Salix",925,"SACA5","COASTAL PLAIN WILLOW","Salix","caroliniana","salix","0925","SACA5","coastal plain willow","Salix","caroliniana","SALIX CAROLINIANA"
"COASTAL PLAIN WILLOW","SALIX CAROLINIANA","Gypsy Moth (Lymantria dispar dispar)","I/F",3,"Lymantria dispar","Salix",925,"SACA5","COASTAL PLAIN WILLOW","Salix","caroliniana","salix","0925","SACA5","coastal plain willow","Salix","caroliniana","SALIX CAROLINIANA"
"COCKSPUR HAWTHORN","CRATAEGUS CRUS-GALLI","Cherry bark tortrix (Enarmonia formosana)*","I/B",3,"Enarmonia formosana","Crataegus",501,"CRCR2","COCKSPUR HAWTHORN","","crus-galli","","0501","CRCR2","cockspur hawthorn","","crus-galli","CRATAEGUS CRUS-GALLI"
"COCKSPUR HAWTHORN","CRATAEGUS CRUS-GALLI","Winter moth (Operophtera brumata)*","I/F",1,"Operophtera brumata","Crataegus",501,"CRCR2","COCKSPUR HAWTHORN","","crus-galli","","0501","CRCR2","cockspur hawthorn","","crus-galli","CRATAEGUS CRUS-GALLI"
"COCKSPUR HAWTHORN","CRATAEGUS CRUS-GALLI","Gypsy moth (Lymantria dispar dispar)*","I/F",3,"Lymantria dispar","Crataegus",501,"CRCR2","COCKSPUR HAWTHORN","","crus-galli","","0501","CRCR2","cockspur hawthorn","","crus-galli","CRATAEGUS CRUS-GALLI"
"COMMON PINYON, TWO-NEEDLE","PINUS EDULIS","Pine shoot beetle (Tomicus piniperda)*","I/B",0,"Tomicus piniperda","Pinus",106,"PIED","COMMON PINYON, TWO-NEEDLE","","edulis","","0106","PIED","Common pinyon, two-needle","","edulis","PINUS EDULIS"
"COMMON PINYON, TWO-NEEDLE","PINUS EDULIS","European pine sawfly (Neodiprion sertifer)*","I/F",0,"Neodiprion sertifer","Pinus",106,"PIED","COMMON PINYON, TWO-NEEDLE","","edulis","","0106","PIED","Common pinyon, two-needle","","edulis","PINUS EDULIS"
"COMMON SERVICEBERRY","AMELANCHIER ARBOREA","Gypsy moth (Lymantria dispar dispar)*","I/F",3,"Lymantria dispar","Amelanchier",357,"AMAR3","COMMON SERVICEBERRY","Amelanchier","arborea","amelanchier","0357","AMAR3","common serviceberry","Amelanchier","arborea","AMELANCHIER ARBOREA"
"COULTER PINE","PINUS COULTERI","European pine sawfly (Neodiprion sertifer)*","I/F",0,"Neodiprion sertifer","Pinus",109,"PICO3","COULTER PINE","","coulteri","","0109","PICO3","Coulter pine","","coulteri","PINUS COULTERI"
"COULTER PINE","PINUS COULTERI","Pine shoot beetle (Tomicus piniperda)*","I/B",0,"Tomicus piniperda","Pinus",109,"PICO3","COULTER PINE","","coulteri","","0109","PICO3","Coulter pine","","coulteri","PINUS COULTERI"
"DELTA POST OAK","QUERCUS SIMILIS","Gypsy moth (Lymantria dispar dispar)*","I/F",3,"Lymantria dispar","Quercus",836,"QUSI2","DELTA POST OAK","Quercus","similis","quercus","0836","QUSI2","Delta post oak","Quercus","similis","QUERCUS SIMILIS"
"DELTA POST OAK","QUERCUS SIMILIS","Oak pit scale (Asterolecanium spp.)*","I/S",0,"Asterolecanium variolosum","Quercus",836,"QUSI2","DELTA POST OAK","Quercus","similis","quercus","0836","QUSI2","Delta post oak","Quercus","similis","QUERCUS SIMILIS"
"DOWNY HAWTHORN","CRATAEGUS MOLLIS","Gypsy moth (Lymantria dispar dispar)*","I/F",3,"Lymantria dispar","Crataegus",502,"CRMO2","DOWNY HAWTHORN","","mollis","","0502","CRMO2","downy hawthorn","","mollis","CRATAEGUS MOLLIS"
"DOWNY HAWTHORN","CRATAEGUS MOLLIS","Cherry bark tortrix (Enarmonia formosana)*","I/B",3,"Enarmonia formosana","Crataegus",502,"CRMO2","DOWNY HAWTHORN","","mollis","","0502","CRMO2","downy hawthorn","","mollis","CRATAEGUS MOLLIS"
"DOWNY HAWTHORN","CRATAEGUS MOLLIS","Winter moth (Operophtera brumata)*","I/F",1,"Operophtera brumata","Crataegus",502,"CRMO2","DOWNY HAWTHORN","","mollis","","0502","CRMO2","downy hawthorn","","mollis","CRATAEGUS MOLLIS"
"DWARF CHINKAPIN OAK","QUERCUS PRINOIDES","Gypsy moth (Lymantria dispar dispar)*","I/F",3,"Lymantria dispar","Quercus",845,"QUPR","DWARF CHINKAPIN OAK","","prinoides","","0845","QUPR","dwarf chinkapin oak","","prinoides","QUERCUS PRINOIDES"
"DWARF CHINKAPIN OAK","QUERCUS PRINOIDES","Oak pit scale (Asterolecanium spp.)*","I/S",0,"Asterolecanium variolosum","Quercus",845,"QUPR","DWARF CHINKAPIN OAK","","prinoides","","0845","QUPR","dwarf chinkapin oak","","prinoides","QUERCUS PRINOIDES"
"DWARF LIVE OAK","QUERCUS MINIMA","Oak pit scale (Asterolecanium spp.)*","I/S",0,"Asterolecanium variolosum","Quercus",841,"QUMI2","DWARF LIVE OAK","","minima","","0841","QUMI2","dwarf live oak","","minima","QUERCUS MINIMA"
"DWARF LIVE OAK","QUERCUS MINIMA","Gypsy moth (Lymantria dispar dispar)*","I/F",3,"Lymantria dispar","Quercus",841,"QUMI2","DWARF LIVE OAK","","minima","","0841","QUMI2","dwarf live oak","","minima","QUERCUS MINIMA"
"EASTERN HEMLOCK","TSUGA CANADENSIS","Hemlock woolly adelgid (Adelges tsugae)*","I/S",10,"Adelges tsugae","Tsuga",261,"TSCA","EASTERN HEMLOCK","Tsuga","canadensis","tsuga","0261","TSCA","eastern hemlock","Tsuga","canadensis","TSUGA CANADENSIS"
"EASTERN HEMLOCK","TSUGA CANADENSIS","Elongate hemlock scale (Fiorinia externa)*","I/S",3,"Fiorinia externa","Tsuga",261,"TSCA","EASTERN HEMLOCK","Tsuga","canadensis","tsuga","0261","TSCA","eastern hemlock","Tsuga","canadensis","TSUGA CANADENSIS"
"EASTERN HOPHORNBEAM","OSTRYA VIRGINIANA","Gypsy moth (Lymantria dispar dispar)*","I/F",3,"Lymantria dispar","Ostrya",701,"OSVI","EASTERN HOPHORNBEAM","Ostrya","virginiana","ostrya","0701","OSVI","eastern hophornbeam","Ostrya","virginiana","OSTRYA VIRGINIANA"
"EASTERN REDCEDAR","JUNIPERUS VIRGINIANA","Juniper scale (Carulaspis juniperi)*","I/S",1,"Carulaspis juniperi","Juniperus",68,"JUVI","EASTERN REDCEDAR","Juniperus","virginiana","juniperus","0068","JUVI","eastern redcedar","Juniperus","virginiana","JUNIPERUS VIRGINIANA"
"EASTERN WHITE PINE","PINUS STROBUS","Pine shoot beetle (Tomicus piniperda)*","I/B",1,"Tomicus piniperda","Pinus",129,"PIST","EASTERN WHITE PINE","","strobus","","0129","PIST","eastern white pine","","strobus","PINUS STROBUS"
"EASTERN WHITE PINE","PINUS STROBUS","European pine sawfly (Neodiprion sertifer)*","I/F",0,"Neodiprion sertifer","Pinus",129,"PIST","EASTERN WHITE PINE","","strobus","","0129","PIST","eastern white pine","","strobus","PINUS STROBUS"
"EMORY OAK","QUERCUS EMORYI","Oak pit scale (Asterolecanium spp.)*","I/S",0,"Asterolecanium variolosum","Quercus",810,"QUEM","EMORY OAK","Quercus","emoryi","quercus","0810","QUEM","Emory oak","Quercus","emoryi","QUERCUS EMORYI"
"ENGELMANN OAK","QUERCUS ENGELMANNII","Oak pit scale (Asterolecanium spp.)*","I/S",3,"Asterolecanium variolosum","Quercus",811,"QUEN","ENGELMANN OAK","Quercus","engelmannii","quercus","0811","QUEN","Engelmann oak","Quercus","engelmannii","QUERCUS ENGELMANNII"
"FANLEAF HAWTHORN","CRATAEGUS FLABELLATA","Winter moth (Operophtera brumata)*","I/F",1,"Operophtera brumata","Crataegus",507,"CRFL","FANLEAF HAWTHORN","","flabellata","","0507","CRFL","fanleaf hawthorn","","flabellata","CRATAEGUS FLABELLATA"
"FANLEAF HAWTHORN","CRATAEGUS FLABELLATA","Cherry bark tortrix (Enarmonia formosana)*","I/B",3,"Enarmonia formosana","Crataegus",507,"CRFL","FANLEAF HAWTHORN","","flabellata","","0507","CRFL","fanleaf hawthorn","","flabellata","CRATAEGUS FLABELLATA"
"FIREBERRY HAWTHORN","CRATAEGUS CHRYSOCARPA","Cherry bark tortrix (Enarmonia formosana)*","I/B",3,"Enarmonia formosana","Crataegus",505,"CRCH","FIREBERRY HAWTHORN","","chrysocarpa","","0505","CRCH","fireberry hawthorn","","chrysocarpa","CRATAEGUS CHRYSOCARPA"
"FIREBERRY HAWTHORN","CRATAEGUS CHRYSOCARPA","Winter moth (Operophtera brumata)*","I/F",1,"Operophtera brumata","Crataegus",505,"CRCH","FIREBERRY HAWTHORN","","chrysocarpa","","0505","CRCH","fireberry hawthorn","","chrysocarpa","CRATAEGUS CHRYSOCARPA"
"FOUR-LEAF PINE, PARRY PINYON PINE PINUS","PINUS QUADRIFOLIA","Pine shoot beetle (Tomicus piniperda)*","I/B",0,"Tomicus piniperda","Pinus",138,"PIQU","FOUR-LEAF PINE, PARRY PINYON PINE PINUS","","quadrifolia","","0138","PIQU","four-leaf pine, Parry pinyon pine Pinus","","quadrifolia","PINUS QUADRIFOLIA"
"FOUR-LEAF PINE, PARRY PINYON PINE PINUS","PINUS QUADRIFOLIA","European pine sawfly (Neodiprion sertifer)*","I/F",0,"Neodiprion sertifer","Pinus",138,"PIQU","FOUR-LEAF PINE, PARRY PINYON PINE PINUS","","quadrifolia","","0138","PIQU","four-leaf pine, Parry pinyon pine Pinus","","quadrifolia","PINUS QUADRIFOLIA"
"FOXTAIL PINE","PINUS BALFOURIANA","Pine shoot beetle (Tomicus piniperda)*","I/B",0,"Tomicus piniperda","Pinus",104,"PIBA","FOXTAIL PINE","","balfouriana","","0104","PIBA","foxtail pine","","balfouriana","PINUS BALFOURIANA"
"FOXTAIL PINE","PINUS BALFOURIANA","European pine sawfly (Neodiprion sertifer)*","I/F",0,"Neodiprion sertifer","Pinus",104,"PIBA","FOXTAIL PINE","","balfouriana","","0104","PIBA","foxtail pine","","balfouriana","PINUS BALFOURIANA"
"FRASER FIR","ABIES FRASERI","Balsam woolly adelgid (Adelges piceae)*","I/S",8,"Adelges piceae","Abies",16,"ABFR","FRASER FIR","Abies","fraseri","abies","0016","ABFR","Fraser fir","Abies","fraseri","ABIES FRASERI"
"GAMBEL OAK","QUERCUS GAMBELII","Oak pit scale (Asterolecanium spp.)*","I/S",0,"Asterolecanium variolosum","Quercus",814,"QUGA","GAMBEL OAK","Quercus","gambelii","quercus","0814","QUGA","Gambel oak","Quercus","gambelii","QUERCUS GAMBELII"
"GRAND FIR","ABIES GRANDIS","Balsam woolly adelgid (Adelges piceae)*","I/S",3,"Adelges piceae","Abies",17,"ABGR","GRAND FIR","Abies","grandis","abies","0017","ABGR","grand fir","Abies","grandis","ABIES GRANDIS"
"GRAVES OAK, CHISOS RED OAK","QUERCUS GRAVESII","Oak pit scale (Asterolecanium spp.)*","I/S",0,"Asterolecanium variolosum","Quercus",8511,"QUGR2","GRAVES OAK, CHISOS RED OAK","","gravesii","","8511","QUGR2","Graves oak, Chisos red oak","","gravesii","QUERCUS GRAVESII"
"GRAY BIRCH","BETULA POPULIFOLIA","Gypsy moth (Lymantria dispar dispar)*","I/F",3,"Lymantria dispar","Betula",379,"BEPO","GRAY BIRCH","Betula","populifolia","betula","0379","BEPO","gray birch","Betula","populifolia","BETULA POPULIFOLIA"
"GRAY BIRCH","BETULA POPULIFOLIA","Birch leafminer (Fenusa pusilla)*","I/F",1,"Fenusa pusilla","Betula",379,"BEPO","GRAY BIRCH","Betula","populifolia","betula","0379","BEPO","gray birch","Betula","populifolia","BETULA POPULIFOLIA"
"GRAY BIRCH","BETULA POPULIFOLIA","Japanese beetle (Popillia japonica)*","I/F",0,"Popillia japonica","Acer",379,"BEPO","GRAY BIRCH","Betula","populifolia","betula","0379","BEPO","gray birch","Betula","populifolia","BETULA POPULIFOLIA"
"GRAY BIRCH","BETULA POPULIFOLIA","Oystershell scale (Lepidosaphes ulmi)*","I/S",0,"Lepidosaphes ulmi","Acer",379,"BEPO","GRAY BIRCH","Betula","populifolia","betula","0379","BEPO","gray birch","Betula","populifolia","BETULA POPULIFOLIA"
"GRAY BIRCH","BETULA POPULIFOLIA","Asian longhorned beetle (Anoplophora glabripennis)*","I/B",5,"Anoplophora glabripennis","Betula",379,"BEPO","GRAY BIRCH","Betula","populifolia","betula","0379","BEPO","gray birch","Betula","populifolia","BETULA POPULIFOLIA"
"GRAY PINE, CALIFORNIA FOOTHILL PINE PINUS","PINUS SABINIANA","Pine shoot beetle (Tomicus piniperda)*","I/B",0,"Tomicus piniperda","Pinus",127,"PISA2","GRAY PINE, CALIFORNIA FOOTHILL PINE PINUS","","sabiniana","","0127","PISA2","gray pine, California foothill pine Pinus","","sabiniana","PINUS SABINIANA"
"GRAY PINE, CALIFORNIA FOOTHILL PINE PINUS","PINUS SABINIANA","European pine sawfly (Neodiprion sertifer)*","I/F",0,"Neodiprion sertifer","Pinus",127,"PISA2","GRAY PINE, CALIFORNIA FOOTHILL PINE PINUS","","sabiniana","","0127","PISA2","gray pine, California foothill pine Pinus","","sabiniana","PINUS SABINIANA"
"GREAT BASIN BRISTLECONE PINE","PINUS LONGAEVA","Pine shoot beetle (Tomicus piniperda)*","I/B",0,"Tomicus piniperda","Pinus",142,"PILO","GREAT BASIN BRISTLECONE PINE","","longaeva","","0142","PILO","Great Basin bristlecone pine","","longaeva","PINUS LONGAEVA"
"GREAT BASIN BRISTLECONE PINE","PINUS LONGAEVA","European pine sawfly (Neodiprion sertifer)*","I/F",0,"Neodiprion sertifer","Pinus",142,"PILO","GREAT BASIN BRISTLECONE PINE","","longaeva","","0142","PILO","Great Basin bristlecone pine","","longaeva","PINUS LONGAEVA"
"GREEN ASH","FRAXINUS PENNSYLVANICA","Emerald ash borer (Agrilus planipennis)*","I/B",10,"Agrilus planipennis","Fraxinus",544,"FRPE","GREEN ASH","","pennsylvanica","","0544","FRPE","green ash","","pennsylvanica","FRAXINUS PENNSYLVANICA"
"GREEN ASH","FRAXINUS PENNSYLVANICA","Oystershell scale (Lepidosaphes ulmi)*","I/S",3,"Lepidosaphes ulmi","Fraxinus",544,"FRPE","GREEN ASH","","pennsylvanica","","0544","FRPE","green ash","","pennsylvanica","FRAXINUS PENNSYLVANICA"
"HONEYLOCUST","GLEDITSIA TRIACANTHOS","Mimosa webworm (Homadaula anisocentra)*","I/F",0,"Homadaula anisocentra","Gleditsia",552,"GLTR","HONEYLOCUST","","triacanthos","","0552","GLTR","honeylocust","","triacanthos","GLEDITSIA TRIACANTHOS"
"HONEYLOCUST","GLEDITSIA TRIACANTHOS","Calico scale (Eulecanium cerasorum)*","I/S",1,"Eulecanium cerasorum","Gleditsia",552,"GLTR","HONEYLOCUST","","triacanthos","","0552","GLTR","honeylocust","","triacanthos","GLEDITSIA TRIACANTHOS"
"INTERIOR LIVE OAK","QUERCUS WISLIZENI","Oak pit scale (Asterolecanium spp.)*","I/S",3,"Asterolecanium variolosum","Quercus",839,"QUWI2","INTERIOR LIVE OAK","","wislizeni","","0839","QUWI2","interior live oak","","wislizeni","QUERCUS WISLIZENI"
"JACK PINE","PINUS BANKSIANA","Pine shoot beetle (Tomicus piniperda)*","I/B",0,"Tomicus piniperda","Pinus",105,"PIBA2","JACK PINE","","banksiana","","0105","PIBA2","jack pine","","banksiana","PINUS BANKSIANA"
"JACK PINE","PINUS BANKSIANA","European pine sawfly (Neodiprion sertifer)*","I/F",0,"Neodiprion sertifer","Pinus",105,"PIBA2","JACK PINE","","banksiana","","0105","PIBA2","jack pine","","banksiana","PINUS BANKSIANA"
"JEFFREY PINE","PINUS JEFFREYI","Pine shoot beetle (Tomicus piniperda)*","I/B",0,"Tomicus piniperda","Pinus",116,"PIJE","JEFFREY PINE","","jeffreyi","","0116","PIJE","Jeffrey pine","","jeffreyi","PINUS JEFFREYI"
"JEFFREY PINE","PINUS JEFFREYI","European pine sawfly (Neodiprion sertifer)*","I/F",0,"Neodiprion sertifer","Pinus",116,"PIJE","JEFFREY PINE","","jeffreyi","","0116","PIJE","Jeffrey pine","","jeffreyi","PINUS JEFFREYI"
"KNOBCONE PINE","PINUS ATTENUATA","European pine sawfly (Neodiprion sertifer)*","I/F",0,"Neodiprion sertifer","Pinus",103,"PIAT","KNOBCONE PINE","","attenuata","","0103","PIAT","knobcone pine","","attenuata","PINUS ATTENUATA"
"KNOBCONE PINE","PINUS ATTENUATA","Pine shoot beetle (Tomicus piniperda)*","I/B",0,"Tomicus piniperda","Pinus",103,"PIAT","KNOBCONE PINE","","attenuata","","0103","PIAT","knobcone pine","","attenuata","PINUS ATTENUATA"
"LACEY OAK","QUERCUS LACEYI","Oak pit scale (Asterolecanium spp.)*","I/S",0,"Asterolecanium variolosum","Quercus",8514,"QULA","LACEY OAK","","laceyi","","8514","QULA","lacey oak","","laceyi","QUERCUS LACEYI"
"LAUREL OAK","QUERCUS LAURIFOLIA","Gypsy moth (Lymantria dispar dispar)*","I/F",3,"Lymantria dispar","Quercus",820,"QULA3","LAUREL OAK","Quercus","laurifolia","quercus","0820","QULA3","laurel oak","Quercus","laurifolia","QUERCUS LAURIFOLIA"
"LAUREL OAK","QUERCUS LAURIFOLIA","Oak pit scale (Asterolecanium spp.)*","I/S",0,"Asterolecanium variolosum","Quercus",820,"QULA3","LAUREL OAK","Quercus","laurifolia","quercus","0820","QULA3","laurel oak","Quercus","laurifolia","QUERCUS LAURIFOLIA"
"LIMBER PINE","PINUS FLEXILIS","Pine shoot beetle (Tomicus piniperda)*","I/B",0,"Tomicus piniperda","Pinus",113,"PIFL2","LIMBER PINE","","flexilis","","0113","PIFL2","limber pine","","flexilis","PINUS FLEXILIS"
"LIMBER PINE","PINUS FLEXILIS","European pine sawfly (Neodiprion sertifer)*","I/F",0,"Neodiprion sertifer","Pinus",113,"PIFL2","LIMBER PINE","","flexilis","","0113","PIFL2","limber pine","","flexilis","PINUS FLEXILIS"
"LIVE OAK","QUERCUS VIRGINIANA","Oak pit scale (Asterolecanium spp.)*","I/S",0,"Asterolecanium variolosum","Quercus",838,"QUVI","LIVE OAK","","virginiana","","0838","QUVI","live oak","","virginiana","QUERCUS VIRGINIANA"
"LIVE OAK","QUERCUS VIRGINIANA","Gypsy moth (Lymantria dispar dispar)*","I/F",3,"Lymantria dispar","Quercus",838,"QUVI","LIVE OAK","","virginiana","","0838","QUVI","live oak","","virginiana","QUERCUS VIRGINIANA"
"LOBLOLLY PINE","PINUS TAEDA","Pine shoot beetle (Tomicus piniperda)*","I/B",0,"Tomicus piniperda","Pinus",131,"PITA","LOBLOLLY PINE","","taeda","","0131","PITA","loblolly pine","","taeda","PINUS TAEDA"
"LOBLOLLY PINE","PINUS TAEDA","European pine sawfly (Neodiprion sertifer)*","I/F",0,"Neodiprion sertifer","Pinus",131,"PITA","LOBLOLLY PINE","","taeda","","0131","PITA","loblolly pine","","taeda","PINUS TAEDA"
"LODGEPOLE PINE","PINUS CONTORTA","European pine sawfly (Neodiprion sertifer)*","I/F",0,"Neodiprion sertifer","Pinus",108,"PICO","LODGEPOLE PINE","","contorta","","0108","PICO","lodgepole pine","","contorta","PINUS CONTORTA"
"LODGEPOLE PINE","PINUS CONTORTA","Pine shoot beetle (Tomicus piniperda)*","I/B",0,"Tomicus piniperda","Pinus",108,"PICO","LODGEPOLE PINE","","contorta","","0108","PICO","lodgepole pine","","contorta","PINUS CONTORTA"
"LONGLEAF PINE","PINUS PALUSTRIS","Pine shoot beetle (Tomicus piniperda)*","I/B",0,"Tomicus piniperda","Pinus",121,"PIPA2","LONGLEAF PINE","","palustris","","0121","PIPA2","longleaf pine","","palustris","PINUS PALUSTRIS"
"LONGLEAF PINE","PINUS PALUSTRIS","European pine sawfly (Neodiprion sertifer)*","I/F",0,"Neodiprion sertifer","Pinus",121,"PIPA2","LONGLEAF PINE","","palustris","","0121","PIPA2","longleaf pine","","palustris","PINUS PALUSTRIS"
"MEXICAN BLUE OAK","QUERCUS OBLONGIFOLIA","Oak pit scale (Asterolecanium spp.)*","I/S",0,"Asterolecanium variolosum","Quercus",829,"QUOB","MEXICAN BLUE OAK","Quercus","oblongifolia","quercus","0829","QUOB","Mexican blue oak","Quercus","oblongifolia","QUERCUS OBLONGIFOLIA"
"MEXICAN PINYON PINE","PINUS CEMBROIDES","European pine sawfly (Neodiprion sertifer)*","I/F",0,"Neodiprion sertifer","Pinus",140,"PICE","MEXICAN PINYON PINE","","cembroides","","0140","PICE","Mexican pinyon pine","","cembroides","PINUS CEMBROIDES"
"MEXICAN PINYON PINE","PINUS CEMBROIDES","Pine shoot beetle (Tomicus piniperda)*","I/B",0,"Tomicus piniperda","Pinus",140,"PICE","MEXICAN PINYON PINE","","cembroides","","0140","PICE","Mexican pinyon pine","","cembroides","PINUS CEMBROIDES"
"MONTEREY PINE","PINUS RADIATA","Pine shoot beetle (Tomicus piniperda)*","I/B",0,"Tomicus piniperda","Pinus",124,"PIRA2","MONTEREY PINE","","radiata","","0124","PIRA2","Monterey pine","","radiata","PINUS RADIATA"
"MONTEREY PINE","PINUS RADIATA","European pine sawfly (Neodiprion sertifer)*","I/F",0,"Neodiprion sertifer","Pinus",124,"PIRA2","MONTEREY PINE","","radiata","","0124","PIRA2","Monterey pine","","radiata","PINUS RADIATA"
"MOUNTAIN HEMLOCK","TSUGA MERTENSIANA","Elongate hemlock scale (Fiorinia externa)*","I/S",0,"Fiorinia externa","Tsuga",264,"TSME","MOUNTAIN HEMLOCK","Tsuga","mertensiana","tsuga","0264","TSME","mountain hemlock","Tsuga","mertensiana","TSUGA MERTENSIANA"
"MOUNTAIN MAPLE","ACER ICATUM","Asian longhorned beetle (Anoplophora glabripennis)*","I/B",8,"Anoplophora glabripennis","Acer",319,"ACSP2","MOUNTAIN MAPLE","Acer","spicatum","acer","0319","ACSP2","mountain maple","Acer","spicatum","ACER ICATUM"
"MOUNTAIN MAPLE","ACER ICATUM","Oystershell scale (Lepidosaphes ulmi)*","I/S",0,"Lepidosaphes ulmi","Acer",319,"ACSP2","MOUNTAIN MAPLE","Acer","spicatum","acer","0319","ACSP2","mountain maple","Acer","spicatum","ACER ICATUM"
"MOUNTAIN MAPLE","ACER ICATUM","Japanese beetle (Popillia japonica)*","I/F",1,"Popillia japonica","Acer",319,"ACSP2","MOUNTAIN MAPLE","Acer","spicatum","acer","0319","ACSP2","mountain maple","Acer","spicatum","ACER ICATUM"
"NARROWLEAF COTTONWOOD","POPULUS ANGUSTIFOLIA","Poplar-and-willow borer (Cryptorhynchus lapathi)*","I/B",1,"Cryptorhynchus lapathi","Populus",749,"POAN3","NARROWLEAF COTTONWOOD","Populus","angustifolia","populus","0749","POAN3","narrowleaf cottonwood","Populus","angustifolia","POPULUS ANGUSTIFOLIA"
"NORTHERN MOUNTAIN ASH","SORBUS DECORA","Gypsy moth (Lymantria dispar dispar)*","I/F",3,"Lymantria dispar","Sorbus",937,"SODE3","NORTHERN MOUNTAIN ASH","Sorbus","decora","sorbus","0937","SODE3","northern mountain ash","Sorbus","decora","SORBUS DECORA"
"NORTHERN PIN OAK","QUERCUS ELLIPSOIDALIS","Oak pit scale (Asterolecanium spp.)*","I/S",0,"Asterolecanium variolosum","Quercus",809,"QUEL","NORTHERN PIN OAK","Quercus","ellipsoidalis","quercus","0809","QUEL","northern pin oak","Quercus","ellipsoidalis","QUERCUS ELLIPSOIDALIS"
"NORTHERN PIN OAK","QUERCUS ELLIPSOIDALIS","Gypsy moth (Lymantria dispar dispar)*","I/F",3,"Lymantria dispar","Quercus",809,"QUEL","NORTHERN PIN OAK","Quercus","ellipsoidalis","quercus","0809","QUEL","northern pin oak","Quercus","ellipsoidalis","QUERCUS ELLIPSOIDALIS"
"NORTHERN RED OAK","QUERCUS RUBRA","Gypsy moth (Lymantria dispar dispar)*","I/F",3,"Lymantria dispar","Quercus",833,"QURU","NORTHERN RED OAK","Quercus","rubra","quercus","0833","QURU","northern red oak","Quercus","rubra","QUERCUS RUBRA"
"NORTHERN RED OAK","QUERCUS RUBRA","Oak pit scale (Asterolecanium spp.)*","I/S",0,"Asterolecanium variolosum","Quercus",833,"QURU","NORTHERN RED OAK","Quercus","rubra","quercus","0833","QURU","northern red oak","Quercus","rubra","QUERCUS RUBRA"
"NUTTALL OAK","QUERCUS BUCKLEYI","Gypsy moth (Lymantria dispar dispar)*","I/F",3,"Lymantria dispar","Quercus",828,"QUBU2","NUTTALL OAK","Quercus","buckleyi","quercus","0828","QUBU2","Nuttall oak","Quercus","buckleyi","QUERCUS BUCKLEYI"
"NUTTALL OAK","QUERCUS BUCKLEYI","Oak pit scale (Asterolecanium spp.)*","I/S",0,"Asterolecanium variolosum","Quercus",828,"QUBU2","NUTTALL OAK","Quercus","buckleyi","quercus","0828","QUBU2","Nuttall oak","Quercus","buckleyi","QUERCUS BUCKLEYI"
"OGLETHORPE OAK","QUERCUS OGLETHORPENSIS","Oak pit scale (Asterolecanium spp.)*","I/S",0,"Asterolecanium variolosum","Quercus",844,"QUOG","OGLETHORPE OAK","","oglethorpensis","","0844","QUOG","Oglethorpe oak","","oglethorpensis","QUERCUS OGLETHORPENSIS"
"OGLETHORPE OAK","QUERCUS OGLETHORPENSIS","Gypsy moth (Lymantria dispar dispar)*","I/F",3,"Lymantria dispar","Quercus",844,"QUOG","OGLETHORPE OAK","","oglethorpensis","","0844","QUOG","Oglethorpe oak","","oglethorpensis","QUERCUS OGLETHORPENSIS"
"OHIO BUCKEYE","AESCULUS GLABRA","Asian longhorned beetle (Anoplophora glabripennis)*","I/B",5,"Anoplophora glabripennis","Aesculus",331,"AEGL","OHIO BUCKEYE","Aesculus","glabra","aesculus","0331","AEGL","Ohio buckeye","Aesculus","glabra","AESCULUS GLABRA"
"OREGON ASH","FRAXINUS LATIFOLIA","Oystershell scale (Lepidosaphes ulmi)*","I/S",3,"Lepidosaphes ulmi","Fraxinus",542,"FRLA","OREGON ASH","","latifolia","","0542","FRLA","Oregon ash","","latifolia","FRAXINUS LATIFOLIA"
"OREGON ASH","FRAXINUS LATIFOLIA","Emerald ash borer (Agrilus planipennis)*","I/B",8,"Agrilus planipennis","Fraxinus",542,"FRLA","OREGON ASH","","latifolia","","0542","FRLA","Oregon ash","","latifolia","FRAXINUS LATIFOLIA"
"OREGON WHITE OAK","QUERCUS GARRYANA","Oak pit scale (Asterolecanium spp.)*","I/S",3,"Asterolecanium variolosum","Quercus",815,"QUGA4","OREGON WHITE OAK","Quercus","garryana","quercus","0815","QUGA4","Oregon white oak","Quercus","garryana","QUERCUS GARRYANA"
"OVERCUP OAK","QUERCUS LYRATA","Gypsy moth (Lymantria dispar dispar)*","I/F",3,"Lymantria dispar","Quercus",822,"QULY","OVERCUP OAK","Quercus","lyrata","quercus","0822","QULY","overcup oak","Quercus","lyrata","QUERCUS LYRATA"
"OVERCUP OAK","QUERCUS LYRATA","Oak pit scale (Asterolecanium spp.)*","I/S",0,"Asterolecanium variolosum","Quercus",822,"QULY","OVERCUP OAK","Quercus","lyrata","quercus","0822","QULY","overcup oak","Quercus","lyrata","QUERCUS LYRATA"
"OZARK CHINKAPIN","CASTANEA PUMILA VAR. OZARKENSIS","Asiatic oak weevil (Cyrtepistomus castaneus)*","I/F",1,"Cyrtepistomus castaneus","Castanea",423,"CAPUO","OZARK CHINKAPIN","Castanea","pumila var. ozarkensis","castanea","0423","CAPUO","Ozark chinkapin","Castanea","pumila var. ozarkensis","CASTANEA PUMILA VAR. OZARKENSIS"
"PACIFIC SILVER FIR","ABIES AMABILIS","Balsam woolly adelgid (Adelges piceae)*","I/S",3,"Adelges piceae","Abies",11,"ABAM","PACIFIC SILVER FIR","Abies","amabilis","abies","0011","ABAM","Pacific silver fir","Abies","amabilis","ABIES AMABILIS"
"PACIFIC YEW","TAXUS BREVIFOLIA","Black vine weevil (Otiorhynchus sulcatus)*","I/F",1,"Otiorhynchus sulcatus","Taxus",231,"TABR2","PACIFIC YEW","Taxus","brevifolia","taxus","0231","TABR2","Pacific yew","Taxus","brevifolia","TAXUS BREVIFOLIA"
"PAINTED BUCKEYE","AESCULUS SYLVATICA","Asian longhorned beetle (Anoplophora glabripennis)*","I/B",5,"Anoplophora glabripennis","Aesculus",337,"AESY","PAINTED BUCKEYE","Aesculus","sylvatica","aesculus","0337","AESY","painted buckeye","Aesculus","sylvatica","AESCULUS SYLVATICA"
"PAPER BIRCH","BETULA PAPYRIFERA","Birch leafminer (Fenusa pusilla)*","I/F",3,"Fenusa pusilla","Betula",375,"BEPA","PAPER BIRCH","Betula","papyrifera","betula","0375","BEPA","paper birch","Betula","papyrifera","BETULA PAPYRIFERA"
"PAPER BIRCH","BETULA PAPYRIFERA","Oystershell scale (Lepidosaphes ulmi)*","I/S",0,"Lepidosaphes ulmi","Acer",375,"BEPA","PAPER BIRCH","Betula","papyrifera","betula","0375","BEPA","paper birch","Betula","papyrifera","BETULA PAPYRIFERA"
"PAPER BIRCH","BETULA PAPYRIFERA","Japanese beetle (Popillia japonica)*","I/F",0,"Popillia japonica","Acer",375,"BEPA","PAPER BIRCH","Betula","papyrifera","betula","0375","BEPA","paper birch","Betula","papyrifera","BETULA PAPYRIFERA"
"PAPER BIRCH","BETULA PAPYRIFERA","Gypsy moth (Lymantria dispar dispar)*","I/F",3,"Lymantria dispar","Betula",375,"BEPA","PAPER BIRCH","Betula","papyrifera","betula","0375","BEPA","paper birch","Betula","papyrifera","BETULA PAPYRIFERA"
"PAPER BIRCH","BETULA PAPYRIFERA","Asian longhorned beetle (Anoplophora glabripennis)*","I/B",5,"Anoplophora glabripennis","Betula",375,"BEPA","PAPER BIRCH","Betula","papyrifera","betula","0375","BEPA","paper birch","Betula","papyrifera","BETULA PAPYRIFERA"
"PAPERSHELL PINYON PINE","PINUS REMOTA","European pine sawfly (Neodiprion sertifer)*","I/F",0,"Neodiprion sertifer","Pinus",141,"PIRE5","PAPERSHELL PINYON PINE","","remota","","0141","PIRE5","papershell pinyon pine","","remota","PINUS REMOTA"
"PAPERSHELL PINYON PINE","PINUS REMOTA","Pine shoot beetle (Tomicus piniperda)*","I/B",0,"Tomicus piniperda","Pinus",141,"PIRE5","PAPERSHELL PINYON PINE","","remota","","0141","PIRE5","papershell pinyon pine","","remota","PINUS REMOTA"
"PEACHLEAF WILLOW","SALIX AMYGDALOIDES","Gypsy Moth (Lymantria dispar dispar)","I/F",3,"Lymantria dispar","Salix",921,"SAAM2","PEACHLEAF WILLOW","Salix","amygdaloides","salix","0921","SAAM2","peachleaf willow","Salix","amygdaloides","SALIX AMYGDALOIDES"
"PEACHLEAF WILLOW","SALIX AMYGDALOIDES","Asian longhorned beetle (Anoplophora glabripennis)*","I/B",1,"Anoplophora glabripennis","Salix",921,"SAAM2","PEACHLEAF WILLOW","Salix","amygdaloides","salix","0921","SAAM2","peachleaf willow","Salix","amygdaloides","SALIX AMYGDALOIDES"
"PEAR HAWTHORN","CRATAEGUS CALPODENDRON","Winter moth (Operophtera brumata)*","I/F",1,"Operophtera brumata","Crataegus",504,"CRCA","PEAR HAWTHORN","","calpodendron","","0504","CRCA","pear hawthorn","","calpodendron","CRATAEGUS CALPODENDRON"
"PEAR HAWTHORN","CRATAEGUS CALPODENDRON","Cherry bark tortrix (Enarmonia formosana)*","I/B",3,"Enarmonia formosana","Crataegus",504,"CRCA","PEAR HAWTHORN","","calpodendron","","0504","CRCA","pear hawthorn","","calpodendron","CRATAEGUS CALPODENDRON"
"PIN OAK","QUERCUS PALUSTRIS","Gypsy moth (Lymantria dispar dispar)*","I/F",3,"Lymantria dispar","Quercus",830,"QUPA2","PIN OAK","Quercus","palustris","quercus","0830","QUPA2","pin oak","Quercus","palustris","QUERCUS PALUSTRIS"
"PIN OAK","QUERCUS PALUSTRIS","Oak pit scale (Asterolecanium spp.)*","I/S",0,"Asterolecanium variolosum","Quercus",830,"QUPA2","PIN OAK","Quercus","palustris","quercus","0830","QUPA2","pin oak","Quercus","palustris","QUERCUS PALUSTRIS"
"PINCHOT JUNIPER","JUNIPERUS PINCHOTII","Juniper scale (Carulaspis juniperi)*","I/S",1,"Carulaspis juniperi","Juniperus",58,"JUPI","PINCHOT JUNIPER","Juniperus","pinchotii","juniperus","0058","JUPI","Pinchot juniper","Juniperus","pinchotii","JUNIPERUS PINCHOTII"
"PITCH PINE","PINUS RIGIDA","European pine sawfly (Neodiprion sertifer)*","I/F",0,"Neodiprion sertifer","Pinus",126,"PIRI","PITCH PINE","","rigida","","0126","PIRI","pitch pine","","rigida","PINUS RIGIDA"
"PITCH PINE","PINUS RIGIDA","Pine shoot beetle (Tomicus piniperda)*","I/B",0,"Tomicus piniperda","Pinus",126,"PIRI","PITCH PINE","","rigida","","0126","PIRI","pitch pine","","rigida","PINUS RIGIDA"
"POND PINE","PINUS SEROTINA","European pine sawfly (Neodiprion sertifer)*","I/F",0,"Neodiprion sertifer","Pinus",128,"PISE","POND PINE","","serotina","","0128","PISE","pond pine","","serotina","PINUS SEROTINA"
"POND PINE","PINUS SEROTINA","Pine shoot beetle (Tomicus piniperda)*","I/B",0,"Tomicus piniperda","Pinus",128,"PISE","POND PINE","","serotina","","0128","PISE","pond pine","","serotina","PINUS SEROTINA"
"PONDEROSA PINE","PINUS PONDEROSA","Pine shoot beetle (Tomicus piniperda)*","I/B",0,"Tomicus piniperda","Pinus",122,"PIPO","PONDEROSA PINE","","ponderosa","","0122","PIPO","ponderosa pine","","ponderosa","PINUS PONDEROSA"
"PONDEROSA PINE","PINUS PONDEROSA","European pine sawfly (Neodiprion sertifer)*","I/F",0,"Neodiprion sertifer","Pinus",122,"PIPO","PONDEROSA PINE","","ponderosa","","0122","PIPO","ponderosa pine","","ponderosa","PINUS PONDEROSA"
"PORT-ORFORD-CEDAR","CHAMAECYPARIS LAWSONIANA","Juniper scale (Carulaspis juniperi)*","I/S",1,"Carulaspis juniperi","Chamaecyparis",41,"CHLA","PORT-ORFORD-CEDAR","Chamaecyparis","lawsoniana","chamaecyparis","0041","CHLA","Port-Orford-cedar","Chamaecyparis","lawsoniana","CHAMAECYPARIS LAWSONIANA"
"POST OAK","QUERCUS STELLATA","Gypsy moth (Lymantria dispar dispar)*","I/F",3,"Lymantria dispar","Quercus",835,"QUST","POST OAK","Quercus","stellata","quercus","0835","QUST","post oak","Quercus","stellata","QUERCUS STELLATA"
"POST OAK","QUERCUS STELLATA","Oak pit scale (Asterolecanium spp.)*","I/S",0,"Asterolecanium variolosum","Quercus",835,"QUST","POST OAK","Quercus","stellata","quercus","0835","QUST","post oak","Quercus","stellata","QUERCUS STELLATA"
"PUMPKIN ASH","FRAXINUS PROFUNDA","Oystershell scale (Lepidosaphes ulmi)*","I/S",3,"Lepidosaphes ulmi","Fraxinus",545,"FRPR","PUMPKIN ASH","","profunda","","0545","FRPR","pumpkin ash","","profunda","FRAXINUS PROFUNDA"
"PUMPKIN ASH","FRAXINUS PROFUNDA","Emerald ash borer (Agrilus planipennis)*","I/B",10,"Agrilus planipennis","Fraxinus",545,"FRPR","PUMPKIN ASH","","profunda","","0545","FRPR","pumpkin ash","","profunda","FRAXINUS PROFUNDA"
"RED BUCKEYE","AESCULUS PAVIA","Asian longhorned beetle (Anoplophora glabripennis)*","I/B",5,"Anoplophora glabripennis","Aesculus",336,"AEPA","RED BUCKEYE","Aesculus","pavia","aesculus","0336","AEPA","red buckeye","Aesculus","pavia","AESCULUS PAVIA"
"RED MAPLE","ACER RUBRUM","Asian longhorned beetle (Anoplophora glabripennis)*","I/B",8,"Anoplophora glabripennis","Acer",316,"ACRU","RED MAPLE","Acer","rubrum","acer","0316","ACRU","red maple","Acer","rubrum","ACER RUBRUM"
"RED MAPLE","ACER RUBRUM","Oystershell scale (Lepidosaphes ulmi)*","I/S",0,"Lepidosaphes ulmi","Acer",316,"ACRU","RED MAPLE","Acer","rubrum","acer","0316","ACRU","red maple","Acer","rubrum","ACER RUBRUM"
"RED MAPLE","ACER RUBRUM","Japanese beetle (Popillia japonica)*","I/F",0,"Popillia japonica","Acer",316,"ACRU","RED MAPLE","Acer","rubrum","acer","0316","ACRU","red maple","Acer","rubrum","ACER RUBRUM"
"RED MULBERRY","MORUS RUBRA","Pink hibiscus mealybug (Maconellicoccus hirsutus)*","I/S",1,"Maconellicoccus hirsutus","Morus",682,"MORU2","RED MULBERRY","Morus","rubra","morus","0682","MORU2","red mulberry","Morus","rubra","MORUS RUBRA"
"RED PINE","PINUS RESINOSA","European pine sawfly (Neodiprion sertifer)*","I/F",0,"Neodiprion sertifer","Pinus",125,"PIRE","RED PINE","","resinosa","","0125","PIRE","red pine","","resinosa","PINUS RESINOSA"
"RED PINE","PINUS RESINOSA","Pine shoot beetle (Tomicus piniperda)*","I/B",0,"Tomicus piniperda","Pinus",125,"PIRE","RED PINE","","resinosa","","0125","PIRE","red pine","","resinosa","PINUS RESINOSA"
"RED PINE","PINUS RESINOSA","Red pine scale (Matsucoccus resinosae)*","I/S",3,"Matsucoccus matsumurae","Pinus",125,"PIRE","RED PINE","","resinosa","","0125","PIRE","red pine","","resinosa","PINUS RESINOSA"
"RED WILLOW","SALIX BONPLANDIANA","Asian longhorned beetle (Anoplophora glabripennis)*","I/B",1,"Anoplophora glabripennis","Salix",924,"SABO","RED WILLOW","Salix","bonplandiana","salix","0924","SABO","red willow","Salix","bonplandiana","SALIX BONPLANDIANA"
"REDBERRY JUNIPER","JUNIPERUS COAHUILENSIS","Juniper scale (Carulaspis juniperi)*","I/S",1,"Carulaspis juniperi","Juniperus",59,"JUCO11","REDBERRY JUNIPER","Juniperus","coahuilensis","juniperus","0059","JUCO11","redberry juniper","Juniperus","coahuilensis","JUNIPERUS COAHUILENSIS"
"RIVER BIRCH","BETULA NIGRA","Asian longhorned beetle (Anoplophora glabripennis)*","I/B",5,"Anoplophora glabripennis","Betula",373,"BENI","RIVER BIRCH","Betula","nigra","betula","0373","BENI","river birch","Betula","nigra","BETULA NIGRA"
"RIVER BIRCH","BETULA NIGRA","Japanese beetle (Popillia japonica)*","I/F",0,"Popillia japonica","Acer",373,"BENI","RIVER BIRCH","Betula","nigra","betula","0373","BENI","river birch","Betula","nigra","BETULA NIGRA"
"RIVER BIRCH","BETULA NIGRA","Oystershell scale (Lepidosaphes ulmi)*","I/S",1,"Lepidosaphes ulmi","Betula",373,"BENI","RIVER BIRCH","Betula","nigra","betula","0373","BENI","river birch","Betula","nigra","BETULA NIGRA"
"RIVER BIRCH","BETULA NIGRA","Gypsy moth (Lymantria dispar dispar)*","I/F",3,"Lymantria dispar","Betula",373,"BENI","RIVER BIRCH","Betula","nigra","betula","0373","BENI","river birch","Betula","nigra","BETULA NIGRA"
"RIVER BIRCH","BETULA NIGRA","Birch leafminer (Fenusa pusilla)*","I/F",1,"Fenusa pusilla","Betula",373,"BENI","RIVER BIRCH","Betula","nigra","betula","0373","BENI","river birch","Betula","nigra","BETULA NIGRA"
"ROCK ELM","ULMUS THOMASII","Banded elm bark beetle (Scolytus schevyrewi)*","I/B",3,"Scolytus schevyrewi","Ulmus",977,"ULTH","ROCK ELM","Ulmus","thomasii","ulmus","0977","ULTH","rock elm","Ulmus","thomasii","ULMUS THOMASII"
"ROCK ELM","ULMUS THOMASII","Asian longhorned beetle (Anoplophora glabripennis)*","I/B",3,"Anoplophora glabripennis","Ulmus",977,"ULTH","ROCK ELM","Ulmus","thomasii","ulmus","0977","ULTH","rock elm","Ulmus","thomasii","ULMUS THOMASII"
"ROCKY MOUNTAIN BRISTLECONE","PINUS ARISTATA","Pine shoot beetle (Tomicus piniperda)*","I/B",0,"Tomicus piniperda","Pinus",102,"PIAR","ROCKY MOUNTAIN BRISTLECONE","","aristata","","0102","PIAR","Rocky Mountain bristlecone","","aristata","PINUS ARISTATA"
"ROCKY MOUNTAIN BRISTLECONE","PINUS ARISTATA","European pine sawfly (Neodiprion sertifer)*","I/F",0,"Neodiprion sertifer","Pinus",102,"PIAR","ROCKY MOUNTAIN BRISTLECONE","","aristata","","0102","PIAR","Rocky Mountain bristlecone","","aristata","PINUS ARISTATA"
"ROCKY MOUNTAIN JUNIPER","JUNIPERUS SCOPULORUM","Juniper scale (Carulaspis juniperi)*","I/S",1,"Carulaspis juniperi","Juniperus",66,"JUSC2","ROCKY MOUNTAIN JUNIPER","Juniperus","scopulorum","juniperus","0066","JUSC2","Rocky Mountain juniper","Juniperus","scopulorum","JUNIPERUS SCOPULORUM"
"ROCKY MOUNTAIN MAPLE","ACER GLABRUM","Japanese beetle (Popillia japonica)*","I/F",1,"Popillia japonica","Acer",321,"ACGL","ROCKY MOUNTAIN MAPLE","Acer","glabrum","acer","0321","ACGL","Rocky Mountain maple","Acer","glabrum","ACER GLABRUM"
"ROCKY MOUNTAIN MAPLE","ACER GLABRUM","Asian longhorned beetle (Anoplophora glabripennis)*","I/B",8,"Anoplophora glabripennis","Acer",321,"ACGL","ROCKY MOUNTAIN MAPLE","Acer","glabrum","acer","0321","ACGL","Rocky Mountain maple","Acer","glabrum","ACER GLABRUM"
"ROCKY MOUNTAIN MAPLE","ACER GLABRUM","Oystershell scale (Lepidosaphes ulmi)*","I/S",1,"Lepidosaphes ulmi","Acer",321,"ACGL","ROCKY MOUNTAIN MAPLE","Acer","glabrum","acer","0321","ACGL","Rocky Mountain maple","Acer","glabrum","ACER GLABRUM"
"ROUNDLEAF SERVICEBERRY","AMELANCHIER SANGUINEA","Gypsy moth (Lymantria dispar dispar)*","I/F",3,"Lymantria dispar","Amelanchier",358,"AMSA","ROUNDLEAF SERVICEBERRY","Amelanchier","sanguinea","amelanchier","0358","AMSA","roundleaf serviceberry","Amelanchier","sanguinea","AMELANCHIER SANGUINEA"
"SAND PINE","PINUS CLAUSA","Pine shoot beetle (Tomicus piniperda)*","I/B",0,"Tomicus piniperda","Pinus",107,"PICL","SAND PINE","","clausa","","0107","PICL","sand pine","","clausa","PINUS CLAUSA"
"SAND PINE","PINUS CLAUSA","European pine sawfly (Neodiprion sertifer)*","I/F",0,"Neodiprion sertifer","Pinus",107,"PICL","SAND PINE","","clausa","","0107","PICL","sand pine","","clausa","PINUS CLAUSA"
"SCARLET HAWTHORN","CRATAEGUS PEDICELLATA","Winter moth (Operophtera brumata)*","I/F",1,"Operophtera brumata","Crataegus",509,"CRPE","SCARLET HAWTHORN","","pedicellata","","0509","CRPE","scarlet hawthorn","","pedicellata","CRATAEGUS PEDICELLATA"
"SCARLET HAWTHORN","CRATAEGUS PEDICELLATA","Cherry bark tortrix (Enarmonia formosana)*","I/B",3,"Enarmonia formosana","Crataegus",509,"CRPE","SCARLET HAWTHORN","","pedicellata","","0509","CRPE","scarlet hawthorn","","pedicellata","CRATAEGUS PEDICELLATA"
"SCARLET OAK","QUERCUS COCCINEA","Gypsy moth (Lymantria dispar dispar)*","I/F",3,"Lymantria dispar","Quercus",806,"QUCO2","SCARLET OAK","Quercus","coccinea","quercus","0806","QUCO2","scarlet oak","Quercus","coccinea","QUERCUS COCCINEA"
"SCARLET OAK","QUERCUS COCCINEA","Oak pit scale (Asterolecanium spp.)*","I/S",0,"Asterolecanium variolosum","Quercus",806,"QUCO2","SCARLET OAK","Quercus","coccinea","quercus","0806","QUCO2","scarlet oak","Quercus","coccinea","QUERCUS COCCINEA"
"SCOULERS WILLOW","SALIX SCOULERIANA","Asian longhorned beetle (Anoplophora glabripennis)*","I/B",1,"Anoplophora glabripennis","Salix",928,"SASC","SCOULERS WILLOW","Salix","scouleriana","salix","0928","SASC","Scoulers willow","Salix","scouleriana","SALIX SCOULERIANA"
"SCRUB OAK","QUERCUS ILICIFOLIA","Gypsy moth (Lymantria dispar dispar)*","I/F",3,"Lymantria dispar","Quercus",816,"QUIL","SCRUB OAK","Quercus","ilicifolia","quercus","0816","QUIL","scrub oak","Quercus","ilicifolia","QUERCUS ILICIFOLIA"
"SCRUB OAK","QUERCUS ILICIFOLIA","Oak pit scale (Asterolecanium spp.)*","I/S",0,"Asterolecanium variolosum","Quercus",816,"QUIL","SCRUB OAK","Quercus","ilicifolia","quercus","0816","QUIL","scrub oak","Quercus","ilicifolia","QUERCUS ILICIFOLIA"
"SEPTEMBER ELM","ULMUS SEROTINA","Banded elm bark beetle (Scolytus schevyrewi)*","I/B",0,"Scolytus schevyrewi","Ulmus",976,"ULSE","SEPTEMBER ELM","Ulmus","serotina","ulmus","0976","ULSE","September elm","Ulmus","serotina","ULMUS SEROTINA"
"SEPTEMBER ELM","ULMUS SEROTINA","Asian longhorned beetle (Anoplophora glabripennis)*","I/B",3,"Anoplophora glabripennis","Ulmus",976,"ULSE","SEPTEMBER ELM","Ulmus","serotina","ulmus","0976","ULSE","September elm","Ulmus","serotina","ULMUS SEROTINA"
"SHINGLE OAK","QUERCUS IMBRICARIA","Oak pit scale (Asterolecanium spp.)*","I/S",0,"Asterolecanium variolosum","Quercus",817,"QUIM","SHINGLE OAK","Quercus","imbricaria","quercus","0817","QUIM","shingle oak","Quercus","imbricaria","QUERCUS IMBRICARIA"
"SHINGLE OAK","QUERCUS IMBRICARIA","Gypsy moth (Lymantria dispar dispar)*","I/F",3,"Lymantria dispar","Quercus",817,"QUIM","SHINGLE OAK","Quercus","imbricaria","quercus","0817","QUIM","shingle oak","Quercus","imbricaria","QUERCUS IMBRICARIA"
"SHORTLEAF PINE","PINUS ECHINATA","European pine sawfly (Neodiprion sertifer)*","I/F",0,"Neodiprion sertifer","Pinus",110,"PIEC2","SHORTLEAF PINE","","echinata","","0110","PIEC2","shortleaf pine","","echinata","PINUS ECHINATA"
"SHORTLEAF PINE","PINUS ECHINATA","Pine shoot beetle (Tomicus piniperda)*","I/B",0,"Tomicus piniperda","Pinus",110,"PIEC2","SHORTLEAF PINE","","echinata","","0110","PIEC2","shortleaf pine","","echinata","PINUS ECHINATA"
"SHUMARDS OAK","QUERCUS SHUMARDII","Gypsy moth (Lymantria dispar dispar)*","I/F",3,"Lymantria dispar","Quercus",834,"QUSH","SHUMARDS OAK","Quercus","shumardii","quercus","0834","QUSH","Shumards oak","Quercus","shumardii","QUERCUS SHUMARDII"
"SHUMARDS OAK","QUERCUS SHUMARDII","Oak pit scale (Asterolecanium spp.)*","I/S",0,"Asterolecanium variolosum","Quercus",834,"QUSH","SHUMARDS OAK","Quercus","shumardii","quercus","0834","QUSH","Shumards oak","Quercus","shumardii","QUERCUS SHUMARDII"
"SILVER MAPLE","ACER SACCHARINUM","Japanese beetle (Popillia japonica)*","I/F",1,"Popillia japonica","Acer",317,"ACSA2","SILVER MAPLE","Acer","saccharinum","acer","0317","ACSA2","silver maple","Acer","saccharinum","ACER SACCHARINUM"
"SILVER MAPLE","ACER SACCHARINUM","Asian longhorned beetle (Anoplophora glabripennis)*","I/B",8,"Anoplophora glabripennis","Acer",317,"ACSA2","SILVER MAPLE","Acer","saccharinum","acer","0317","ACSA2","silver maple","Acer","saccharinum","ACER SACCHARINUM"
"SILVER MAPLE","ACER SACCHARINUM","Oystershell scale (Lepidosaphes ulmi)*","I/S",0,"Lepidosaphes ulmi","Acer",317,"ACSA2","SILVER MAPLE","Acer","saccharinum","acer","0317","ACSA2","silver maple","Acer","saccharinum","ACER SACCHARINUM"
"SILVERLEAF OAK","QUERCUS HYPOLEUCOIDES","Oak pit scale (Asterolecanium spp.)*","I/S",0,"Asterolecanium variolosum","Quercus",843,"QUHY","SILVERLEAF OAK","","hypoleucoides","","0843","QUHY","silverleaf oak","","hypoleucoides","QUERCUS HYPOLEUCOIDES"
"SINGLELEAF PINYON","PINUS MONOPHYLLA","European pine sawfly (Neodiprion sertifer)*","I/F",0,"Neodiprion sertifer","Pinus",133,"PIMO","SINGLELEAF PINYON","","monophylla","","0133","PIMO","singleleaf pinyon","","monophylla","PINUS MONOPHYLLA"
"SINGLELEAF PINYON","PINUS MONOPHYLLA","Pine shoot beetle (Tomicus piniperda)*","I/B",0,"Tomicus piniperda","Pinus",133,"PIMO","SINGLELEAF PINYON","","monophylla","","0133","PIMO","singleleaf pinyon","","monophylla","PINUS MONOPHYLLA"
"SLASH PINE","PINUS ELLIOTTII","Pine shoot beetle (Tomicus piniperda)*","I/B",0,"Tomicus piniperda","Pinus",111,"PIEL","SLASH PINE","","elliottii","","0111","PIEL","slash pine","","elliottii","PINUS ELLIOTTII"
"SLASH PINE","PINUS ELLIOTTII","European pine sawfly (Neodiprion sertifer)*","I/F",0,"Neodiprion sertifer","Pinus",111,"PIEL","SLASH PINE","","elliottii","","0111","PIEL","slash pine","","elliottii","PINUS ELLIOTTII"
"SLIPPERY ELM","ULMUS RUBRA","Banded elm bark beetle (Scolytus schevyrewi)*","I/B",0,"Scolytus schevyrewi","Ulmus",975,"ULRU","SLIPPERY ELM","Ulmus","rubra","ulmus","0975","ULRU","slippery elm","Ulmus","rubra","ULMUS RUBRA"
"SLIPPERY ELM","ULMUS RUBRA","Asian longhorned beetle (Anoplophora glabripennis)*","I/B",3,"Anoplophora glabripennis","Ulmus",975,"ULRU","SLIPPERY ELM","Ulmus","rubra","ulmus","0975","ULRU","slippery elm","Ulmus","rubra","ULMUS RUBRA"
"SOUTHERN RED OAK","QUERCUS FALCATA","Gypsy moth (Lymantria dispar dispar)*","I/F",3,"Lymantria dispar","Quercus",812,"QUFA","SOUTHERN RED OAK","Quercus","falcata","quercus","0812","QUFA","southern red oak","Quercus","falcata","QUERCUS FALCATA"
"SOUTHERN RED OAK","QUERCUS FALCATA","Oak pit scale (Asterolecanium spp.)*","I/S",0,"Asterolecanium variolosum","Quercus",812,"QUFA","SOUTHERN RED OAK","Quercus","falcata","quercus","0812","QUFA","southern red oak","Quercus","falcata","QUERCUS FALCATA"
"SOUTHERN REDCEDAR","JUNIPERUS VIRGINIANA VAR. SILICICOLA","Juniper scale (Carulaspis juniperi)*","I/S",1,"Carulaspis juniperi","Juniperus",67,"JUVIS","SOUTHERN REDCEDAR","Juniperus","virginiana var. silicicola","juniperus","0067","JUVIS","southern redcedar","Juniperus","virginiana var. silicicola","JUNIPERUS VIRGINIANA VAR. SILICICOLA"
"SOUTHWESTERN WHITE PINE","PINUS STROBIFORMIS","European pine sawfly (Neodiprion sertifer)*","I/F",0,"Neodiprion sertifer","Pinus",114,"PIST3","SOUTHWESTERN WHITE PINE","","strobiformis","","0114","PIST3","southwestern white pine","","strobiformis","PINUS STROBIFORMIS"
"SOUTHWESTERN WHITE PINE","PINUS STROBIFORMIS","Pine shoot beetle (Tomicus piniperda)*","I/B",0,"Tomicus piniperda","Pinus",114,"PIST3","SOUTHWESTERN WHITE PINE","","strobiformis","","0114","PIST3","southwestern white pine","","strobiformis","PINUS STROBIFORMIS"
"SPANISH OAK, BUCKLEY OAK,","QUERCUS BUCKLEYI","Gypsy moth (Lymantria dispar dispar)*","I/F",3,"Lymantria dispar","Quercus",8513,"QUBU2","SPANISH OAK, BUCKLEY OAK,","","buckleyi","","8513","QUBU2","Spanish oak, Buckley oak,","","buckleyi","QUERCUS BUCKLEYI"
"SPANISH OAK, BUCKLEY OAK,","QUERCUS BUCKLEYI","Oak pit scale (Asterolecanium spp.)*","I/S",0,"Asterolecanium variolosum","Quercus",8513,"QUBU2","SPANISH OAK, BUCKLEY OAK,","","buckleyi","","8513","QUBU2","Spanish oak, Buckley oak,","","buckleyi","QUERCUS BUCKLEYI"
"SPRUCE PINE","PINUS GLABRA","Pine shoot beetle (Tomicus piniperda)*","I/B",0,"Tomicus piniperda","Pinus",115,"PIGL2","SPRUCE PINE","","glabra","","0115","PIGL2","spruce pine","","glabra","PINUS GLABRA"
"SPRUCE PINE","PINUS GLABRA","European pine sawfly (Neodiprion sertifer)*","I/F",0,"Neodiprion sertifer","Pinus",115,"PIGL2","SPRUCE PINE","","glabra","","0115","PIGL2","spruce pine","","glabra","PINUS GLABRA"
"STRIPED MAPLE","ACER PENSYLVANICUM","Asian longhorned beetle (Anoplophora glabripennis)*","I/B",8,"Anoplophora glabripennis","Acer",315,"ACPE","STRIPED MAPLE","Acer","pensylvanicum","acer","0315","ACPE","striped maple","Acer","pensylvanicum","ACER PENSYLVANICUM"
"STRIPED MAPLE","ACER PENSYLVANICUM","Japanese beetle (Popillia japonica)*","I/F",1,"Popillia japonica","Acer",315,"ACPE","STRIPED MAPLE","Acer","pensylvanicum","acer","0315","ACPE","striped maple","Acer","pensylvanicum","ACER PENSYLVANICUM"
"STRIPED MAPLE","ACER PENSYLVANICUM","Oystershell scale (Lepidosaphes ulmi)*","I/S",0,"Lepidosaphes ulmi","Acer",315,"ACPE","STRIPED MAPLE","Acer","pensylvanicum","acer","0315","ACPE","striped maple","Acer","pensylvanicum","ACER PENSYLVANICUM"
"SUBALPINE FIR","ABIES LASIOCARPA","Balsam woolly adelgid (Adelges piceae)*","I/S",8,"Adelges piceae","Abies",19,"ABLA","SUBALPINE FIR","Abies","lasiocarpa","abies","0019","ABLA","subalpine fir","Abies","lasiocarpa","ABIES LASIOCARPA"
"SUBALPINE LARCH","LARIX LYALLII","Larch sawfly (Pristiphora erichsonii)","I/F",1,"Pristiphora erichsonii","Larix",72,"LALY","SUBALPINE LARCH","Larix","lyallii","larix","0072","LALY","subalpine larch","Larix","lyallii","LARIX LYALLII"
"SUGAR MAPLE","ACER SACCHARUM","Oystershell scale (Lepidosaphes ulmi)*","I/S",0,"Lepidosaphes ulmi","Acer",318,"ACSA3","SUGAR MAPLE","Acer","saccharum","acer","0318","ACSA3","sugar maple","Acer","saccharum","ACER SACCHARUM"
"SUGAR MAPLE","ACER SACCHARUM","Asian longhorned beetle (Anoplophora glabripennis)*","I/B",8,"Anoplophora glabripennis","Acer",318,"ACSA3","SUGAR MAPLE","Acer","saccharum","acer","0318","ACSA3","sugar maple","Acer","saccharum","ACER SACCHARUM"
"SUGAR MAPLE","ACER SACCHARUM","Japanese beetle (Popillia japonica)*","I/F",0,"Popillia japonica","Acer",318,"ACSA3","SUGAR MAPLE","Acer","saccharum","acer","0318","ACSA3","sugar maple","Acer","saccharum","ACER SACCHARUM"
"SUGAR PINE","PINUS LAMBERTIANA","Pine shoot beetle (Tomicus piniperda)*","I/B",0,"Tomicus piniperda","Pinus",117,"PILA","SUGAR PINE","","lambertiana","","0117","PILA","sugar pine","","lambertiana","PINUS LAMBERTIANA"
"SUGAR PINE","PINUS LAMBERTIANA","European pine sawfly (Neodiprion sertifer)*","I/F",0,"Neodiprion sertifer","Pinus",117,"PILA","SUGAR PINE","","lambertiana","","0117","PILA","sugar pine","","lambertiana","PINUS LAMBERTIANA"
"SWAMP CHESTNUT OAK","QUERCUS MICHAUXII","Gypsy moth (Lymantria dispar dispar)*","I/F",3,"Lymantria dispar","Quercus",825,"QUMI","SWAMP CHESTNUT OAK","Quercus","michauxii","quercus","0825","QUMI","swamp chestnut oak","Quercus","michauxii","QUERCUS MICHAUXII"
"SWAMP CHESTNUT OAK","QUERCUS MICHAUXII","Oak pit scale (Asterolecanium spp.)*","I/S",0,"Asterolecanium variolosum","Quercus",825,"QUMI","SWAMP CHESTNUT OAK","Quercus","michauxii","quercus","0825","QUMI","swamp chestnut oak","Quercus","michauxii","QUERCUS MICHAUXII"
"SWAMP COTTONWOOD","POPULUS HETEROPHYLLA","Gypsy moth (Lymantria dispar dispar)*","I/F",3,"Lymantria dispar","Populus",744,"POHE4","SWAMP COTTONWOOD","Populus","heterophylla","populus","0744","POHE4","swamp cottonwood","Populus","heterophylla","POPULUS HETEROPHYLLA"
"SWAMP WHITE OAK","QUERCUS BICOLOR","Gypsy moth (Lymantria dispar dispar)*","I/F",3,"Lymantria dispar","Quercus",804,"QUBI","SWAMP WHITE OAK","Quercus","bicolor","quercus","0804","QUBI","swamp white oak","Quercus","bicolor","QUERCUS BICOLOR"
"SWAMP WHITE OAK","QUERCUS BICOLOR","Oak pit scale (Asterolecanium spp.)*","I/S",0,"Asterolecanium variolosum","Quercus",804,"QUBI","SWAMP WHITE OAK","Quercus","bicolor","quercus","0804","QUBI","swamp white oak","Quercus","bicolor","QUERCUS BICOLOR"
"SWEET BIRCH","BETULA LENTA","Oystershell scale (Lepidosaphes ulmi)*","I/S",0,"Lepidosaphes ulmi","Acer",372,"BELE","SWEET BIRCH","Betula","lenta","betula","0372","BELE","sweet birch","Betula","lenta","BETULA LENTA"
"SWEET BIRCH","BETULA LENTA","Gypsy moth (Lymantria dispar dispar)*","I/F",1,"Lymantria dispar","Betula",372,"BELE","SWEET BIRCH","Betula","lenta","betula","0372","BELE","sweet birch","Betula","lenta","BETULA LENTA"
"SWEET BIRCH","BETULA LENTA","Asian longhorned beetle (Anoplophora glabripennis)*","I/B",5,"Anoplophora glabripennis","Betula",372,"BELE","SWEET BIRCH","Betula","lenta","betula","0372","BELE","sweet birch","Betula","lenta","BETULA LENTA"
"SWEET BIRCH","BETULA LENTA","Birch leafminer (Fenusa pusilla)*","I/F",0,"Fenusa pusilla","Betula",372,"BELE","SWEET BIRCH","Betula","lenta","betula","0372","BELE","sweet birch","Betula","lenta","BETULA LENTA"
"SWEET BIRCH","BETULA LENTA","Japanese beetle (Popillia japonica)*","I/F",0,"Popillia japonica","Acer",372,"BELE","SWEET BIRCH","Betula","lenta","betula","0372","BELE","sweet birch","Betula","lenta","BETULA LENTA"
"SWEETGUM","LIQUIDAMBAR STYRACIFLUA","Calico scale (Eulecanium cerasorum)*","I/S",1,"Eulecanium cerasorum","Liquidambar",611,"LIST2","SWEETGUM","","styraciflua","","0611","LIST2","sweetgum","","styraciflua","LIQUIDAMBAR STYRACIFLUA"
"SWEETGUM","LIQUIDAMBAR STYRACIFLUA","Gypsy moth (Lymantria dispar dispar)*","I/F",1,"Lymantria dispar","Liquidambar",611,"LIST2","SWEETGUM","","styraciflua","","0611","LIST2","sweetgum","","styraciflua","LIQUIDAMBAR STYRACIFLUA"
"TABLE MOUNTAIN PINE","PINUS PUNGENS","Pine shoot beetle (Tomicus piniperda)*","I/B",0,"Tomicus piniperda","Pinus",123,"PIPU5","TABLE MOUNTAIN PINE","","pungens","","0123","PIPU5","Table Mountain pine","","pungens","PINUS PUNGENS"
"TABLE MOUNTAIN PINE","PINUS PUNGENS","European pine sawfly (Neodiprion sertifer)*","I/F",1,"Neodiprion sertifer","Pinus",123,"PIPU5","TABLE MOUNTAIN PINE","","pungens","","0123","PIPU5","Table Mountain pine","","pungens","PINUS PUNGENS"
"TAMARACK (NATIVE)","LARIX LARICINA","Gypsy moth (Lymantria dispar dispar)*","I/F",3,"Lymantria dispar","Larix",71,"LALA","TAMARACK (NATIVE)","Larix","laricina","larix","0071","LALA","tamarack (native)","Larix","laricina","LARIX LARICINA"
"TAMARACK (NATIVE)","LARIX LARICINA","Larch casebearer (Coleophora laricella)*","I/F",5,"Coleophora laricella","Larix",71,"LALA","TAMARACK (NATIVE)","Larix","laricina","larix","0071","LALA","tamarack (native)","Larix","laricina","LARIX LARICINA"
"TAMARACK (NATIVE)","LARIX LARICINA","Larch sawfly (Pristiphora erichsonii)","I/F",5,"Pristiphora erichsonii","Larix",71,"LALA","TAMARACK (NATIVE)","Larix","laricina","larix","0071","LALA","tamarack (native)","Larix","laricina","LARIX LARICINA"
"TEXAS ASH","FRAXINUS TEXENSIS","Oystershell scale (Lepidosaphes ulmi)*","I/S",3,"Lepidosaphes ulmi","Fraxinus",549,"FRTE","TEXAS ASH","","texensis","","0549","FRTE","Texas ash","","texensis","FRAXINUS TEXENSIS"
"TEXAS ASH","FRAXINUS TEXENSIS","Emerald ash borer (Agrilus planipennis)*","I/B",9,"Agrilus planipennis","Fraxinus",549,"FRTE","TEXAS ASH","","texensis","","0549","FRTE","Texas ash","","texensis","FRAXINUS TEXENSIS"
"TEXAS BUCKEYE","AESCULUS GLABRA VAR. ARGUTA","Asian longhorned beetle (Anoplophora glabripennis)*","I/B",5,"Anoplophora glabripennis","Aesculus",334,"AEGLA","TEXAS BUCKEYE","Aesculus","glabra var. arguta","aesculus","0334","AEGLA","Texas buckeye","Aesculus","glabra var. arguta","AESCULUS GLABRA VAR. ARGUTA"
"TEXAS MULBERRY","MORUS MICROPHYLLA","Pink hibiscus mealybug (Maconellicoccus hirsutus)*","I/S",1,"Maconellicoccus hirsutus","Morus",683,"MOMI","TEXAS MULBERRY","Morus","microphylla","morus","0683","MOMI","Texas mulberry","Morus","microphylla","MORUS MICROPHYLLA"
"TORREY PINE","PINUS TORREYANA","Pine shoot beetle (Tomicus piniperda)*","I/B",0,"Tomicus piniperda","Pinus",139,"PITO","TORREY PINE","","torreyana","","0139","PITO","Torrey pine","","torreyana","PINUS TORREYANA"
"TORREY PINE","PINUS TORREYANA","European pine sawfly (Neodiprion sertifer)*","I/F",0,"Neodiprion sertifer","Pinus",139,"PITO","TORREY PINE","","torreyana","","0139","PITO","Torrey pine","","torreyana","PINUS TORREYANA"
"TURKEY OAK","QUERCUS LAEVIS","Gypsy moth (Lymantria dispar dispar)*","I/F",3,"Lymantria dispar","Quercus",819,"QULA2","TURKEY OAK","Quercus","laevis","quercus","0819","QULA2","turkey oak","Quercus","laevis","QUERCUS LAEVIS"
"TURKEY OAK","QUERCUS LAEVIS","Oak pit scale (Asterolecanium spp.)*","I/S",0,"Asterolecanium variolosum","Quercus",819,"QULA2","TURKEY OAK","Quercus","laevis","quercus","0819","QULA2","turkey oak","Quercus","laevis","QUERCUS LAEVIS"
"UTAH JUNIPER","JUNIPERUS OSTEOERMA","Juniper scale (Carulaspis juniperi)*","I/S",1,"Carulaspis juniperi","Juniperus",65,"JUOS","UTAH JUNIPER","Juniperus","osteosperma","juniperus","0065","JUOS","Utah juniper","Juniperus","osteosperma","JUNIPERUS OSTEOERMA"
"VELVET ASH","FRAXINUS VELUTINA","Emerald ash borer (Agrilus planipennis)*","I/B",9,"Agrilus planipennis","Fraxinus",547,"FRVE2","VELVET ASH","","velutina","","0547","FRVE2","velvet ash","","velutina","FRAXINUS VELUTINA"
"VELVET ASH","FRAXINUS VELUTINA","Oystershell scale (Lepidosaphes ulmi)*","I/S",3,"Lepidosaphes ulmi","Fraxinus",547,"FRVE2","VELVET ASH","","velutina","","0547","FRVE2","velvet ash","","velutina","FRAXINUS VELUTINA"
"VIRGINIA PINE","PINUS VIRGINIANA","European pine sawfly (Neodiprion sertifer)*","I/F",0,"Neodiprion sertifer","Pinus",132,"PIVI2","VIRGINIA PINE","","virginiana","","0132","PIVI2","Virginia pine","","virginiana","PINUS VIRGINIANA"
"VIRGINIA PINE","PINUS VIRGINIANA","Pine shoot beetle (Tomicus piniperda)*","I/B",0,"Tomicus piniperda","Pinus",132,"PIVI2","VIRGINIA PINE","","virginiana","","0132","PIVI2","Virginia pine","","virginiana","PINUS VIRGINIANA"
"VIRGINIA ROUNDLEAF BIRCH","BETULA UBER","Gypsy moth (Lymantria dispar dispar)*","I/F",1,"Lymantria dispar","Betula",377,"BEUB","VIRGINIA ROUNDLEAF BIRCH","Betula","uber","betula","0377","BEUB","Virginia roundleaf birch","Betula","uber","BETULA UBER"
"VIRGINIA ROUNDLEAF BIRCH","BETULA UBER","Japanese beetle (Popillia japonica)*","I/F",1,"Popillia japonica","Betula",377,"BEUB","VIRGINIA ROUNDLEAF BIRCH","Betula","uber","betula","0377","BEUB","Virginia roundleaf birch","Betula","uber","BETULA UBER"
"VIRGINIA ROUNDLEAF BIRCH","BETULA UBER","Birch leafminer (Fenusa pusilla)*","I/F",0,"Fenusa pusilla","Betula",377,"BEUB","VIRGINIA ROUNDLEAF BIRCH","Betula","uber","betula","0377","BEUB","Virginia roundleaf birch","Betula","uber","BETULA UBER"
"WATER BIRCH","BETULA OCCIDENTALIS","Birch leafminer (Fenusa pusilla)*","I/F",0,"Fenusa pusilla","Betula",374,"BEOC2","WATER BIRCH","Betula","occidentalis","betula","0374","BEOC2","water birch","Betula","occidentalis","BETULA OCCIDENTALIS"
"WATER BIRCH","BETULA OCCIDENTALIS","Oystershell scale (Lepidosaphes ulmi)*","I/S",0,"Lepidosaphes ulmi","Acer",374,"BEOC2","WATER BIRCH","Betula","occidentalis","betula","0374","BEOC2","water birch","Betula","occidentalis","BETULA OCCIDENTALIS"
"WATER BIRCH","BETULA OCCIDENTALIS","Asian longhorned beetle (Anoplophora glabripennis)*","I/B",5,"Anoplophora glabripennis","Betula",374,"BEOC2","WATER BIRCH","Betula","occidentalis","betula","0374","BEOC2","water birch","Betula","occidentalis","BETULA OCCIDENTALIS"
"WATER BIRCH","BETULA OCCIDENTALIS","Japanese beetle (Popillia japonica)*","I/F",0,"Popillia japonica","Acer",374,"BEOC2","WATER BIRCH","Betula","occidentalis","betula","0374","BEOC2","water birch","Betula","occidentalis","BETULA OCCIDENTALIS"
"WATER OAK","QUERCUS NIGRA","Oak pit scale (Asterolecanium spp.)*","I/S",0,"Asterolecanium variolosum","Quercus",827,"QUNI","WATER OAK","Quercus","nigra","quercus","0827","QUNI","water oak","Quercus","nigra","QUERCUS NIGRA"
"WATER OAK","QUERCUS NIGRA","Gypsy moth (Lymantria dispar dispar)*","I/F",3,"Lymantria dispar","Quercus",827,"QUNI","WATER OAK","Quercus","nigra","quercus","0827","QUNI","water oak","Quercus","nigra","QUERCUS NIGRA"
"WATERLOCUST","GLEDITSIA AQUATICA","Mimosa webworm (Homadaula anisocentra)*","I/F",1,"Homadaula anisocentra","Gleditsia",551,"GLAQ","WATERLOCUST","","aquatica","","0551","GLAQ","waterlocust","","aquatica","GLEDITSIA AQUATICA"
"WATERLOCUST","GLEDITSIA AQUATICA","Calico scale (Eulecanium cerasorum)*","I/S",1,"Eulecanium cerasorum","Gleditsia",551,"GLAQ","WATERLOCUST","","aquatica","","0551","GLAQ","waterlocust","","aquatica","GLEDITSIA AQUATICA"
"WESTERN HEMLOCK","TSUGA HETEROPHYLLA","Elongate hemlock scale (Fiorinia externa)*","I/S",0,"Fiorinia externa","Tsuga",263,"TSHE","WESTERN HEMLOCK","Tsuga","heterophylla","tsuga","0263","TSHE","western hemlock","Tsuga","heterophylla","TSUGA HETEROPHYLLA"
"WESTERN JUNIPER","JUNIPERUS OCCIDENTALIS","Juniper scale (Carulaspis juniperi)*","I/S",1,"Carulaspis juniperi","Juniperus",64,"JUOC","WESTERN JUNIPER","Juniperus","occidentalis","juniperus","0064","JUOC","western juniper","Juniperus","occidentalis","JUNIPERUS OCCIDENTALIS"
"WESTERN LARCH","LARIX OCCIDENTALIS","Larch sawfly (Pristiphora erichsonii)","I/F",3,"Pristiphora erichsonii","Larix",73,"LAOC","WESTERN LARCH","Larix","occidentalis","larix","0073","LAOC","western larch","Larix","occidentalis","LARIX OCCIDENTALIS"
"WESTERN LARCH","LARIX OCCIDENTALIS","Larch casebearer (Coleophora laricella)*","I/F",3,"Coleophora laricella","Larix",73,"LAOC","WESTERN LARCH","Larix","occidentalis","larix","0073","LAOC","western larch","Larix","occidentalis","LARIX OCCIDENTALIS"
"WESTERN WHITE PINE","PINUS MONTICOLA","European pine sawfly (Neodiprion sertifer)*","I/F",0,"Neodiprion sertifer","Pinus",119,"PIMO3","WESTERN WHITE PINE","","monticola","","0119","PIMO3","western white pine","","monticola","PINUS MONTICOLA"
"WESTERN WHITE PINE","PINUS MONTICOLA","Pine shoot beetle (Tomicus piniperda)*","I/B",0,"Tomicus piniperda","Pinus",119,"PIMO3","WESTERN WHITE PINE","","monticola","","0119","PIMO3","western white pine","","monticola","PINUS MONTICOLA"
"WHITE ASH","FRAXINUS AMERICANA","Oystershell scale (Lepidosaphes ulmi)*","I/S",3,"Lepidosaphes ulmi","Fraxinus",541,"FRAM2","WHITE ASH","","americana","","0541","FRAM2","white ash","","americana","FRAXINUS AMERICANA"
"WHITE ASH","FRAXINUS AMERICANA","Emerald ash borer (Agrilus planipennis)*","I/B",10,"Agrilus planipennis","Fraxinus",541,"FRAM2","WHITE ASH","","americana","","0541","FRAM2","white ash","","americana","FRAXINUS AMERICANA"
"WHITE BASSWOOD","TILIA AMERICANA VAR. HETEROPHYLLA","Gypsy moth (Lymantria dispar dispar)*","I/F",3,"Lymantria dispar","Tilia",952,"TIAMH","WHITE BASSWOOD","Tilia","americana var. heterophylla","tilia","0952","TIAMH","white basswood","Tilia","americana var. heterophylla","TILIA AMERICANA VAR. HETEROPHYLLA"
"WHITE BASSWOOD","TILIA AMERICANA VAR. HETEROPHYLLA","Japanese beetle (Popillia japonica)*","I/F",1,"Popillia japonica","Tilia",952,"TIAMH","WHITE BASSWOOD","Tilia","americana var. heterophylla","tilia","0952","TIAMH","white basswood","Tilia","americana var. heterophylla","TILIA AMERICANA VAR. HETEROPHYLLA"
"WHITE FIR","ABIES CONCOLOR","Balsam woolly adelgid (Adelges piceae)*","I/S",0,"Adelges piceae","Abies",15,"ABCO","WHITE FIR","Abies","concolor","abies","0015","ABCO","white fir","Abies","concolor","ABIES CONCOLOR"
"WHITE OAK","QUERCUS ALBA","Gypsy moth (Lymantria dispar dispar)*","I/F",3,"Lymantria dispar","Quercus",802,"QUAL","WHITE OAK","Quercus","alba","quercus","0802","QUAL","white oak","Quercus","alba","QUERCUS ALBA"
"WHITE OAK","QUERCUS ALBA","Oak pit scale (Asterolecanium spp.)*","I/S",0,"Asterolecanium variolosum","Quercus",802,"QUAL","WHITE OAK","Quercus","alba","quercus","0802","QUAL","white oak","Quercus","alba","QUERCUS ALBA"
"WHITEBARK PINE","PINUS ALBICAULIS","European pine sawfly (Neodiprion sertifer)*","I/F",0,"Neodiprion sertifer","Pinus",101,"PIAL","WHITEBARK PINE","","albicaulis","","0101","PIAL","whitebark pine","","albicaulis","PINUS ALBICAULIS"
"WHITEBARK PINE","PINUS ALBICAULIS","Pine shoot beetle (Tomicus piniperda)*","I/B",0,"Tomicus piniperda","Pinus",101,"PIAL","WHITEBARK PINE","","albicaulis","","0101","PIAL","whitebark pine","","albicaulis","PINUS ALBICAULIS"
"WILLOW OAK","QUERCUS PHELLOS","Gypsy moth (Lymantria dispar dispar)*","I/F",3,"Lymantria dispar","Quercus",831,"QUPH","WILLOW OAK","Quercus","phellos","quercus","0831","QUPH","willow oak","Quercus","phellos","QUERCUS PHELLOS"
"WILLOW OAK","QUERCUS PHELLOS","Oak pit scale (Asterolecanium spp.)*","I/S",0,"Asterolecanium variolosum","Quercus",831,"QUPH","WILLOW OAK","Quercus","phellos","quercus","0831","QUPH","willow oak","Quercus","phellos","QUERCUS PHELLOS"
"WINGED ELM","ULMUS ALATA","Asian longhorned beetle (Anoplophora glabripennis)*","I/B",3,"Anoplophora glabripennis","Ulmus",971,"ULAL","WINGED ELM","Ulmus","alata","ulmus","0971","ULAL","winged elm","Ulmus","alata","ULMUS ALATA"
"WINGED ELM","ULMUS ALATA","Banded elm bark beetle (Scolytus schevyrewi)*","I/B",0,"Scolytus schevyrewi","Ulmus",971,"ULAL","WINGED ELM","Ulmus","alata","ulmus","0971","ULAL","winged elm","Ulmus","alata","ULMUS ALATA"
"YELLOW BIRCH","BETULA ALLEGHANIENSIS","Asian longhorned beetle (Anoplophora glabripennis)*","I/B",5,"Anoplophora glabripennis","Betula",371,"BEAL2","YELLOW BIRCH","Betula","alleghaniensis","betula","0371","BEAL2","yellow birch","Betula","alleghaniensis","BETULA ALLEGHANIENSIS"
"YELLOW BIRCH","BETULA ALLEGHANIENSIS","Birch leafminer (Fenusa pusilla)*","I/F",0,"Fenusa pusilla","Betula",371,"BEAL2","YELLOW BIRCH","Betula","alleghaniensis","betula","0371","BEAL2","yellow birch","Betula","alleghaniensis","BETULA ALLEGHANIENSIS"
"YELLOW BIRCH","BETULA ALLEGHANIENSIS","Japanese beetle (Popillia japonica)*","I/F",0,"Popillia japonica","Acer",371,"BEAL2","YELLOW BIRCH","Betula","alleghaniensis","betula","0371","BEAL2","yellow birch","Betula","alleghaniensis","BETULA ALLEGHANIENSIS"
"YELLOW BIRCH","BETULA ALLEGHANIENSIS","Oystershell scale (Lepidosaphes ulmi)*","I/S",0,"Lepidosaphes ulmi","Acer",371,"BEAL2","YELLOW BIRCH","Betula","alleghaniensis","betula","0371","BEAL2","yellow birch","Betula","alleghaniensis","BETULA ALLEGHANIENSIS"
"YELLOW BUCKEYE","AESCULUS FLAVA","Asian longhorned beetle (Anoplophora glabripennis)*","I/B",5,"Anoplophora glabripennis","Aesculus",332,"AEFL","YELLOW BUCKEYE","Aesculus","flava","aesculus","0332","AEFL","yellow buckeye","Aesculus","flava","AESCULUS FLAVA"
